Unnamed: 0,Education,Marital_Status,Income,Kidhome,Teenhome,Recency,MntCoke,MntFruits,MntMeatProducts,MntFishProducts,MntSweetProducts,MntGoldProds,NumDealsPurchases,NumWebPurchases,NumCatalogPurchases,NumStorePurchases,NumWebVisitsMonth,AcceptedCmp3,AcceptedCmp4,AcceptedCmp5,AcceptedCmp1,AcceptedCmp2,Complain,Z_CostContact,Z_Revenue,Response
0,1,4,58138000.0,0,0,58,635000,88000,546000,172000,88000,88000,3,8,10,4,7,0,0,0,0,0,0,3,11,1
1,1,4,46344000.0,1,1,38,11000,1000,6000,2000,1000,6000,2,1,1,2,5,0,0,0,0,0,0,3,11,0
2,1,0,71613000.0,0,0,26,426000,49000,127000,111000,21000,42000,1,8,2,10,4,0,0,0,0,0,0,3,11,0
3,1,0,26646000.0,1,0,26,11000,4000,20000,10000,3000,5000,2,2,0,4,6,0,0,0,0,0,0,3,11,0
4,3,5,58293000.0,1,0,94,173000,43000,118000,46000,27000,15000,5,5,3,6,5,0,0,0,0,0,0,3,11,0
5,2,0,62513000.0,0,1,16,520000,42000,98000,0,42000,14000,2,6,4,10,6,0,0,0,0,0,0,3,11,0
6,1,1,55635000.0,0,1,34,235000,65000,164000,50000,49000,27000,4,7,3,7,6,0,0,0,0,0,0,3,11,0
7,3,5,33454000.0,1,0,32,76000,10000,56000,3000,1000,23000,2,4,0,4,8,0,0,0,0,0,0,3,11,0
8,3,0,30351000.0,1,0,19,14000,0,24000,3000,3000,2000,1,3,0,2,9,0,0,0,0,0,0,3,11,1
9,3,0,5648000.0,1,1,68,28000,0,6000,1000,1000,13000,1,1,0,0,20,1,0,0,0,0,0,3,11,0
10,1,5,0.0,1,0,11,5000,5000,6000,0,2000,1000,1,1,0,2,7,0,0,0,0,0,0,3,11,0
11,4,5,7500000.0,0,0,59,6000,16000,11000,11000,1000,16000,1,2,0,3,8,0,0,0,0,0,0,3,11,0
12,1,1,63033000.0,0,0,82,194000,61000,480000,225000,112000,30000,1,3,4,8,2,0,0,0,0,0,0,3,11,0
13,2,1,59354000.0,1,1,53,233000,2000,53000,3000,5000,14000,3,6,1,5,6,0,0,0,0,0,0,3,11,0
14,1,5,17323000.0,0,0,38,3000,14000,17000,6000,1000,5000,1,1,0,3,8,0,0,0,0,0,0,3,11,0
15,3,4,82800000.0,0,0,23,1006000,22000,115000,59000,68000,45000,1,7,6,12,3,0,0,1,1,0,0,3,11,1
16,1,5,41850000.0,1,1,51,53000,5000,19000,2000,13000,4000,3,3,0,3,8,0,0,0,0,0,0,3,11,0
17,1,0,37760000.0,0,0,20,84000,5000,38000,150000,12000,28000,2,4,1,6,7,0,0,0,0,0,0,3,11,0
18,2,5,76995000.0,0,1,91,1012000,80000,498000,0,16000,176000,2,11,4,9,5,0,0,0,1,0,0,3,11,0
19,0,4,33812000.0,1,0,86,4000,17000,19000,30000,24000,39000,2,2,1,3,6,0,0,0,0,0,0,3,11,0
20,1,5,37040000.0,0,0,41,86000,2000,73000,69000,38000,48000,1,4,2,5,8,0,0,0,0,0,0,3,11,0
21,1,5,2447000.0,1,0,42,1000,1000,1725000,1000,1000,1000,15,0,28,0,1,0,0,0,0,0,0,3,11,0
22,3,5,58607000.0,0,1,63,867000,0,86000,0,0,19000,3,2,3,9,8,0,1,0,0,0,0,3,11,0
23,3,5,65324000.0,0,1,0,384000,0,102000,21000,32000,5000,3,6,2,9,4,0,0,0,0,0,0,3,11,0
24,1,0,40689000.0,0,1,69,270000,3000,27000,39000,6000,99000,7,7,1,5,8,0,0,0,0,0,0,3,11,0
25,1,4,18589000.0,0,0,89,6000,4000,25000,15000,12000,13000,2,2,1,3,7,0,0,0,0,0,0,3,11,0
26,1,5,53359000.0,1,1,4,173000,4000,30000,3000,6000,41000,4,5,1,4,7,0,0,0,0,0,0,3,11,0
27,1,4,0.0,1,0,19,5000,1000,3000,3000,263000,362000,0,27,0,0,1,0,0,0,0,0,0,3,11,0
28,1,5,38360000.0,1,0,26,36000,2000,42000,20000,21000,10000,2,2,1,4,3,0,0,0,0,0,0,3,11,0
29,3,5,84618000.0,0,0,96,684000,100000,801000,21000,66000,0,1,6,9,10,2,0,0,1,0,0,0,3,11,0
30,2,1,10979000.0,0,0,34,8000,4000,10000,2000,2000,4000,2,3,0,3,5,0,0,0,0,0,0,3,11,0
31,2,0,38620000.0,0,0,56,112000,17000,44000,34000,22000,89000,1,2,5,3,3,0,0,0,0,0,0,3,11,0
32,1,0,40548000.0,0,1,31,110000,0,5000,2000,0,3000,2,2,1,4,5,0,1,0,0,0,0,3,11,0
33,3,1,46610000.0,0,2,8,96000,12000,96000,33000,22000,43000,6,4,1,6,6,0,0,0,0,0,0,3,11,1
34,2,5,68657000.0,0,0,4,482000,34000,471000,119000,68000,22000,1,3,5,9,7,0,0,0,0,0,0,3,11,0
35,2,4,49389000.0,1,1,55,40000,0,19000,2000,1000,3000,1,2,0,3,7,0,0,0,0,0,0,3,11,0
36,3,5,67353000.0,0,1,37,702000,17000,151000,0,8000,35000,5,5,6,12,2,0,0,0,0,0,0,3,11,0
37,0,5,23718000.0,1,0,76,6000,3000,14000,15000,7000,36000,3,3,1,2,7,0,0,0,0,0,0,3,11,0
38,1,3,42429000.0,0,1,99,55000,0,6000,2000,0,4000,2,1,1,3,5,0,0,0,0,0,0,3,11,0
39,3,1,48948000.0,0,0,53,437000,8000,206000,160000,49000,42000,2,7,10,5,6,1,0,0,0,0,0,3,11,1
40,1,5,80011000.0,0,1,3,421000,76000,536000,82000,178000,102000,2,8,6,5,4,0,0,0,0,0,0,3,11,0
41,2,5,20559000.0,1,0,88,13000,1000,29000,3000,0,7000,2,2,0,3,8,0,0,0,0,0,0,3,11,0
42,1,0,21994000.0,0,1,4,9000,0,6000,3000,1000,3000,1,0,0,3,5,0,0,0,0,0,0,3,11,0
43,3,4,0.0,0,0,80,81000,11000,50000,3000,2000,39000,1,1,3,4,2,0,0,0,0,0,0,3,11,0
44,2,5,7500000.0,1,0,19,3000,1000,10000,3000,2000,12000,3,2,0,3,5,0,0,0,0,0,0,3,11,0
45,1,4,79941000.0,0,0,72,123000,164000,266000,227000,30000,174000,1,2,4,9,1,0,0,0,0,0,0,3,11,0
46,0,5,7500000.0,0,0,24,3000,18000,14000,15000,22000,50000,3,3,1,3,9,0,0,0,0,0,0,3,11,1
47,1,0,41728000.0,1,0,92,13000,6000,15000,3000,5000,13000,1,2,0,2,10,0,0,0,0,0,0,3,11,0
48,1,4,0.0,2,1,96,48000,5000,48000,6000,10000,7000,3,2,1,4,6,0,0,0,0,0,0,3,11,0
49,3,5,72550000.0,1,1,39,826000,50000,317000,50000,38000,38000,9,5,2,12,8,0,0,0,0,0,0,3,11,0
50,1,3,65486000.0,0,1,29,245000,19000,125000,37000,67000,14000,1,4,2,10,2,0,0,0,0,0,0,3,11,0
51,2,5,79143000.0,0,0,2,650000,37000,780000,27000,167000,32000,1,6,9,13,3,0,0,0,0,0,0,3,11,0
52,1,4,35790000.0,1,0,54,12000,6000,20000,30000,1000,3000,2,2,0,3,7,0,0,0,0,0,0,3,11,0
53,1,1,82582000.0,0,0,54,510000,120000,550000,156000,40000,241000,1,4,9,7,1,1,0,0,1,0,0,3,11,1
54,1,5,66373000.0,1,1,57,328000,9000,124000,12000,24000,109000,7,4,2,10,3,0,0,0,0,0,0,3,11,0
55,2,0,82384000.0,0,0,55,984000,51000,432000,180000,120000,190000,1,3,10,13,1,0,0,1,0,0,0,3,11,1
56,1,1,70287000.0,0,0,30,295000,35000,482000,121000,120000,40000,1,5,5,10,3,0,0,0,0,0,0,3,11,1
57,1,4,27938000.0,1,0,31,13000,0,8000,2000,1000,5000,1,1,0,4,3,0,0,0,0,0,0,3,11,0
58,1,4,0.0,1,0,57,11000,3000,22000,2000,2000,6000,2,2,0,3,6,0,0,0,0,0,0,3,11,0
59,3,5,55954000.0,0,1,63,447000,0,28000,0,0,43000,3,8,2,6,7,0,0,0,0,0,0,3,11,0
60,2,4,75777000.0,0,0,12,712000,26000,538000,69000,13000,80000,1,3,6,11,1,0,1,1,0,0,0,3,11,1
61,1,0,66653000.0,1,1,18,452000,18000,102000,16000,18000,6000,4,4,2,12,3,0,0,0,0,0,0,3,11,0
62,1,4,61823000.0,0,1,26,523000,7000,134000,37000,14000,169000,4,8,2,10,7,0,0,0,0,0,0,3,11,0
63,3,3,67680000.0,0,1,8,546000,0,48000,0,6000,6000,1,7,3,8,5,0,0,0,0,0,0,3,11,0
64,1,0,70666000.0,0,0,29,398000,40000,367000,119000,122000,30000,1,7,4,4,4,0,0,0,0,0,0,3,11,0
65,1,5,25721000.0,1,0,75,1000,3000,6000,3000,6000,15000,1,1,1,2,7,0,0,0,0,0,0,3,11,1
66,1,0,32474000.0,1,1,0,10000,0,1000,0,0,0,1,1,0,2,7,0,0,0,0,0,0,3,11,0
67,0,4,88194000.0,0,1,19,688000,14000,309000,201000,24000,38000,1,11,10,10,5,1,0,0,1,0,0,3,11,1
68,1,0,69096000.0,0,1,4,247000,49000,159000,7000,82000,109000,1,5,2,10,4,0,0,0,0,0,0,3,11,0
69,1,0,74854000.0,1,2,90,856000,59000,487000,58000,29000,73000,7,2,5,5,5,0,0,0,0,0,0,3,11,0
70,2,5,66991000.0,0,0,1,496000,36000,460000,189000,60000,12000,3,4,8,6,3,0,0,0,0,0,0,3,11,0
71,0,5,0.0,1,0,25,25000,3000,43000,17000,4000,17000,3,3,0,3,8,0,0,0,0,0,0,3,11,0
72,1,5,65031000.0,0,1,29,258000,107000,291000,84000,37000,86000,4,10,3,13,7,0,0,0,0,0,0,3,11,0
73,3,5,60631000.0,1,1,88,565000,6000,65000,0,6000,19000,5,9,2,8,7,0,1,0,0,0,0,3,11,0
74,1,5,28332000.0,0,0,58,14000,10000,13000,4000,15000,9000,1,2,1,4,2,0,0,0,0,0,0,3,11,0
75,1,1,40246000.0,1,0,68,2000,1000,6000,2000,1000,1000,1,1,0,2,6,0,0,0,0,0,0,3,11,0
76,2,5,75251000.0,0,0,34,721000,111000,925000,97000,18000,18000,1,7,6,5,5,0,0,0,0,0,0,3,11,1
77,1,4,75825000.0,0,0,40,1032000,105000,779000,137000,105000,51000,0,5,8,9,4,1,0,0,0,0,0,3,11,1
78,0,0,26326000.0,0,0,12,1000,0,5000,0,3000,9000,1,0,0,3,3,0,0,0,0,0,1,3,11,0
79,1,0,56046000.0,0,0,9,577000,0,64000,0,0,51000,2,10,1,8,8,1,0,0,0,0,0,3,11,1
80,1,4,29760000.0,1,0,87,64000,4000,68000,7000,5000,17000,4,3,1,4,8,0,0,0,0,0,0,3,11,0
81,1,5,26304000.0,1,0,5,4000,1000,5000,2000,0,4000,1,1,0,2,7,0,0,0,0,0,0,3,11,0
82,0,5,23559000.0,1,0,87,25000,5000,19000,7000,0,23000,3,3,0,3,7,0,0,0,0,0,0,3,11,0
83,2,0,38620000.0,0,0,56,112000,17000,44000,34000,22000,89000,1,2,5,3,3,0,0,0,0,0,0,3,11,0
84,1,1,81361000.0,0,0,18,163000,23000,424000,27000,65000,76000,1,3,10,13,1,0,0,0,0,0,0,3,11,0
85,1,5,29440000.0,1,1,95,17000,8000,14000,10000,4000,3000,2,1,0,4,7,0,0,0,0,0,0,3,11,0
86,2,5,36138000.0,1,1,48,130000,0,16000,0,0,5000,5,3,1,4,7,0,1,0,0,0,0,3,11,0
87,1,4,50388000.0,0,1,3,292000,6000,37000,0,3000,34000,4,6,1,6,7,0,1,0,1,0,0,3,11,1
88,1,5,79593000.0,0,0,70,350000,60000,568000,110000,133000,145000,1,5,6,7,2,0,0,1,0,0,0,3,11,0
89,1,0,54178000.0,0,1,79,135000,9000,39000,4000,0,7000,1,2,2,5,2,0,0,0,0,0,0,3,11,0
90,3,5,0.0,2,1,4,230000,42000,192000,49000,37000,53000,12,7,2,8,9,0,0,0,0,0,0,3,11,0
91,1,4,0.0,1,1,45,7000,0,8000,2000,0,1000,1,1,0,2,7,0,0,0,0,0,0,3,11,0
92,2,0,0.0,0,0,87,445000,37000,359000,98000,28000,18000,1,2,4,8,1,0,0,0,0,0,0,3,11,0
93,2,4,42394000.0,1,0,69,15000,2000,10000,0,1000,4000,1,1,0,3,7,0,0,0,0,0,0,3,11,0
94,3,5,23626000.0,1,0,84,27000,2000,14000,0,0,0,3,3,1,3,5,0,0,0,0,0,0,3,11,0
95,1,5,30096000.0,1,0,30,5000,3000,11000,12000,5000,9000,1,2,0,3,6,0,0,0,0,0,0,3,11,0
96,1,3,47916000.0,0,1,72,505000,0,26000,0,0,75000,5,7,4,6,6,0,1,0,0,0,0,3,11,0
97,1,1,51813000.0,1,1,37,51000,2000,7000,0,1000,2000,2,2,0,3,7,0,0,0,0,0,0,3,11,0
98,0,5,78497000.0,0,0,44,207000,26000,447000,75000,0,223000,1,5,7,12,2,0,0,0,1,0,0,3,11,0
99,3,5,50150000.0,0,0,32,135000,46000,92000,65000,61000,11000,2,5,2,7,5,0,0,0,0,0,0,3,11,0
100,0,4,47823000.0,0,1,0,53000,1000,5000,2000,1000,10000,2,2,0,3,8,0,0,0,0,0,0,3,11,0
101,3,4,34554000.0,0,1,43,41000,1000,6000,2000,0,5000,2,2,0,3,6,0,0,0,0,0,0,3,11,0
102,1,0,85693000.0,0,1,59,386000,172000,183000,185000,132000,111000,2,9,5,11,5,0,0,0,0,0,0,3,11,0
103,3,5,65846000.0,0,0,68,562000,81000,276000,80000,40000,81000,1,6,3,6,4,0,0,0,0,0,0,3,11,0
104,1,5,87195000.0,0,0,35,217000,76000,690000,50000,26000,38000,1,3,11,5,1,0,0,0,0,0,0,3,11,1
105,4,0,24594000.0,1,0,94,1000,3000,6000,10000,0,9000,1,1,0,3,5,0,0,0,0,0,0,3,11,0
106,1,5,49096000.0,1,1,15,144000,1000,32000,2000,1000,7000,4,4,1,4,7,0,0,0,0,0,0,3,11,0
107,1,5,52413000.0,0,2,56,295000,106000,271000,75000,98000,65000,4,6,4,12,6,0,0,0,0,0,0,3,11,0
108,1,4,38557000.0,1,0,17,76000,3000,31000,4000,4000,27000,2,3,1,3,7,0,0,0,0,0,0,3,11,0
109,2,5,89058000.0,0,0,18,454000,194000,106000,31000,22000,43000,1,5,4,4,2,0,0,0,0,0,0,3,11,0
110,1,0,77298000.0,0,1,46,425000,115000,292000,23000,35000,79000,1,6,6,11,3,0,0,0,0,0,0,3,11,0
111,3,4,68126000.0,0,0,40,1332000,17000,311000,23000,51000,86000,1,7,4,5,9,0,1,0,0,0,0,3,11,1
112,2,0,57288000.0,0,1,27,527000,0,21000,0,0,60000,3,8,1,8,6,0,1,0,0,0,0,3,11,0
113,1,4,86037000.0,0,0,95,490000,44000,125000,29000,20000,22000,1,6,7,11,3,0,1,1,0,0,0,3,11,1
114,3,5,43974000.0,1,0,19,378000,0,101000,0,0,72000,5,6,4,6,7,0,0,0,0,0,0,3,11,0
115,1,4,50785000.0,1,1,27,64000,1000,21000,0,1000,27000,2,2,1,3,6,0,0,0,0,0,0,3,11,0
116,1,5,90765000.0,0,0,25,547000,99000,812000,151000,82000,33000,0,4,6,5,1,0,0,1,1,0,0,3,11,0
117,0,5,36550000.0,1,0,74,47000,90000,94000,123000,103000,120000,5,9,1,5,9,0,0,0,0,0,0,3,11,0
118,0,0,30753000.0,1,1,85,12000,5000,25000,0,9000,30000,2,1,1,3,5,0,0,0,0,0,0,3,11,0
119,1,0,21918000.0,1,0,37,1000,6000,7000,11000,5000,3000,2,2,0,3,6,0,0,0,0,0,0,3,11,0
120,2,0,56129000.0,0,1,65,320000,48000,133000,39000,72000,48000,4,6,2,10,4,0,0,0,0,0,0,3,11,0
121,2,4,32557000.0,1,0,13,34000,3000,29000,0,4000,10000,3,2,1,3,5,0,0,0,0,0,0,3,11,1
122,2,5,19510000.0,2,0,63,9000,0,7000,3000,4000,7000,2,1,0,3,7,0,0,0,0,0,0,3,11,0
123,1,1,30992000.0,1,0,83,17000,0,14000,7000,3000,2000,1,1,0,3,7,0,0,0,0,0,0,3,11,0
124,1,4,101970000.0,0,0,69,722000,27000,102000,44000,72000,168000,0,6,8,13,2,0,1,1,1,0,0,3,11,1
125,0,0,71488000.0,0,0,87,162000,33000,124000,40000,28000,172000,2,3,4,7,1,0,0,0,0,0,0,3,11,0
126,1,4,79607000.0,0,0,37,450000,133000,951000,173000,0,216000,1,3,6,6,1,0,0,0,0,0,0,3,11,1
127,2,5,54348000.0,1,1,51,70000,0,16000,0,0,4000,2,2,0,4,6,0,0,0,0,0,0,3,11,0
128,3,5,0.0,0,1,23,352000,0,27000,10000,0,15000,3,6,1,7,6,0,0,0,0,0,0,3,11,0
129,3,0,77376000.0,1,1,72,492000,19000,110000,16000,12000,12000,4,6,3,10,4,0,0,0,0,0,0,3,11,0
130,1,5,62998000.0,0,1,10,120000,58000,73000,65000,89000,58000,5,5,4,5,5,0,0,0,0,0,0,3,11,0
131,2,2,61331000.0,1,1,42,534000,5000,47000,0,5000,41000,5,11,1,6,8,0,0,0,0,0,0,3,11,0
132,1,5,73448000.0,0,0,10,236000,106000,189000,23000,41000,130000,1,7,2,9,4,0,0,0,0,0,0,3,11,0
133,1,5,0.0,0,1,96,231000,65000,196000,38000,71000,124000,1,6,5,7,4,0,0,0,0,0,0,3,11,0
134,3,5,41551000.0,1,1,51,220000,0,33000,3000,0,23000,5,5,1,5,8,0,0,0,0,0,0,3,11,0
135,3,0,62981000.0,0,0,21,796000,14000,590000,38000,44000,0,1,4,5,13,3,0,1,0,0,0,0,3,11,0
136,4,1,9548000.0,1,0,31,0,1000,3000,10000,6000,9000,2,1,0,3,8,0,0,0,0,0,0,3,11,0
137,3,5,33762000.0,2,1,61,53000,1000,34000,2000,0,16000,3,2,2,2,8,0,0,0,0,0,0,3,11,0
138,3,2,35860000.0,1,1,37,15000,0,8000,4000,2000,20000,2,1,1,2,5,1,0,0,0,0,0,3,11,1
139,3,1,36921000.0,1,1,74,17000,1000,12000,3000,1000,4000,2,2,0,3,7,0,0,0,0,0,0,3,11,0
140,2,4,92859000.0,0,0,46,962000,61000,921000,52000,61000,20000,1,5,4,12,2,0,0,0,0,0,0,3,11,0
141,2,0,65104000.0,0,1,4,738000,0,232000,13000,20000,50000,2,3,5,7,7,0,0,0,0,0,0,3,11,1
142,1,5,86111000.0,0,0,73,399000,28000,756000,36000,40000,126000,1,5,7,10,2,0,0,0,0,0,0,3,11,0
143,3,4,68352000.0,0,1,47,614000,16000,132000,43000,33000,33000,3,8,5,9,6,0,0,0,0,0,0,3,11,0
144,1,0,41883000.0,1,0,13,32000,34000,41000,73000,16000,116000,3,4,2,3,7,0,0,0,0,0,0,3,11,0
145,1,5,59809000.0,0,2,36,598000,16000,141000,32000,41000,49000,3,3,3,6,8,0,0,0,0,0,0,3,11,0
146,1,5,23957000.0,1,0,47,2000,1000,18000,20000,11000,16000,1,2,0,3,6,0,0,0,0,0,0,3,11,1
147,1,0,38547000.0,1,0,49,6000,1000,10000,0,1000,4000,1,1,0,2,8,0,0,0,0,0,1,3,11,0
148,0,5,35688000.0,2,1,94,73000,3000,90000,12000,1000,32000,7,4,1,4,8,0,0,0,0,0,0,3,11,0
149,2,5,49605000.0,0,0,65,42000,16000,29000,12000,20000,8000,1,2,1,4,3,0,0,0,0,0,0,3,11,0
150,2,5,59354000.0,0,2,59,295000,21000,78000,39000,13000,13000,1,4,4,7,3,0,0,0,0,0,0,3,11,0
151,1,5,65747000.0,0,1,96,346000,17000,48000,23000,13000,13000,4,8,1,6,6,0,1,0,0,0,0,3,11,0
152,0,0,46344000.0,0,1,28,233000,20000,57000,8000,20000,91000,4,7,1,5,7,0,0,0,0,0,0,3,11,0
153,1,2,34176000.0,1,0,12,5000,7000,24000,19000,14000,20000,4,3,0,4,6,0,0,0,0,0,0,3,11,0
154,3,0,61010000.0,0,1,57,888000,0,57000,0,0,76000,2,8,5,11,5,0,0,0,0,0,0,3,11,0
155,1,0,69372000.0,0,0,10,997000,26000,269000,34000,13000,42000,1,10,4,6,4,0,1,1,0,0,0,3,11,1
156,1,4,49967000.0,0,1,4,212000,6000,69000,4000,12000,3000,3,6,1,5,7,0,0,0,0,0,0,3,11,0
157,1,4,60199000.0,1,2,49,8000,1000,7000,2000,0,0,1,0,0,3,4,0,0,0,0,0,0,3,11,0
158,1,0,55375000.0,0,1,3,42000,11000,57000,10000,28000,14000,1,1,1,6,2,0,0,0,0,0,0,3,11,0
159,1,4,80317000.0,0,0,64,536000,11000,387000,149000,91000,57000,1,3,4,10,1,0,0,0,0,0,0,3,11,0
160,2,4,30523000.0,2,1,0,5000,0,3000,0,0,5000,1,1,0,2,7,0,0,0,0,0,0,3,11,0
161,3,5,70356000.0,0,0,20,1349000,16000,249000,43000,16000,33000,2,10,6,9,6,0,0,0,0,0,0,3,11,0
162,1,5,23228000.0,1,0,91,53000,3000,49000,7000,4000,5000,4,3,0,4,8,0,0,0,0,0,0,3,11,0
163,3,1,74165000.0,0,0,9,1001000,12000,240000,16000,12000,12000,1,5,4,10,2,0,0,0,0,0,0,3,11,0
164,3,5,157243000.0,0,1,98,20000,2000,1582000,1000,2000,1000,15,0,22,0,0,0,0,0,0,0,0,3,11,0
165,1,0,43482000.0,2,1,83,18000,1000,32000,6000,3000,28000,3,2,0,4,6,0,0,0,0,0,0,3,11,0
166,1,1,62551000.0,0,0,27,125000,16000,98000,134000,21000,27000,1,6,7,4,3,1,0,0,0,0,0,3,11,0
167,1,1,52332000.0,0,0,63,212000,5000,33000,7000,0,2000,1,3,2,6,4,0,1,0,0,0,0,3,11,0
168,1,4,66951000.0,0,0,46,277000,162000,305000,173000,76000,124000,1,3,4,7,1,0,0,0,0,0,0,3,11,0
169,1,0,26091000.0,1,1,84,15000,10000,19000,8000,17000,20000,3,2,1,3,5,0,0,0,0,0,0,3,11,0
170,1,0,33456000.0,1,1,58,7000,3000,10000,8000,1000,7000,2,1,0,3,7,0,0,0,0,0,0,3,11,0
171,1,5,28718000.0,1,0,78,12000,4000,6000,11000,8000,16000,2,2,0,3,8,0,0,0,0,0,0,3,11,0
172,1,5,50447000.0,2,0,4,85000,7000,24000,2000,3000,27000,1,3,1,3,6,0,0,0,0,0,0,3,11,0
173,3,0,53537000.0,1,1,17,81000,0,6000,0,0,6000,2,2,1,3,5,0,0,0,0,0,0,3,11,0
174,1,4,52074000.0,0,1,77,59000,0,12000,0,0,48000,1,2,2,2,4,1,0,0,0,0,0,3,11,0
175,3,5,80427000.0,0,1,56,1149000,71000,449000,69000,71000,26000,1,11,8,8,5,0,0,0,0,0,0,3,11,0
176,3,5,83837000.0,0,0,79,847000,66000,119000,86000,89000,111000,1,9,10,5,4,0,1,0,1,0,0,3,11,1
177,3,5,38853000.0,1,1,90,29000,0,14000,0,0,2000,2,2,0,3,7,0,0,0,0,0,0,3,11,0
178,1,0,38285000.0,2,1,96,2000,0,5000,2000,0,1000,1,0,0,3,2,0,0,0,0,0,0,3,11,0
179,0,5,78497000.0,0,0,44,207000,26000,447000,75000,0,223000,1,5,7,12,2,0,0,0,1,0,0,3,11,0
180,3,5,51650000.0,0,1,81,152000,3000,22000,2000,5000,7000,1,4,1,4,5,0,0,0,0,0,0,3,11,0
181,0,5,16248000.0,1,0,77,12000,11000,10000,3000,12000,9000,3,2,1,3,6,0,0,0,0,0,0,3,11,0
182,2,5,66835000.0,0,0,21,620000,26000,195000,34000,17000,141000,1,6,4,13,2,0,0,0,0,0,0,3,11,0
183,2,5,30477000.0,1,0,16,47000,1000,6000,0,0,12000,1,1,1,3,6,0,0,0,0,0,0,3,11,0
184,4,5,28249000.0,0,0,80,1000,9000,7000,2000,14000,10000,1,2,0,3,6,0,0,0,0,0,0,3,11,0
185,1,5,25271000.0,1,0,45,10000,1000,18000,10000,4000,7000,1,1,1,2,9,0,0,0,0,0,0,3,11,0
186,3,4,32303000.0,0,1,63,35000,0,2000,0,0,2000,2,1,0,4,5,0,0,0,0,0,0,3,11,0
187,1,5,61286000.0,0,1,34,356000,0,107000,19000,9000,117000,2,7,1,8,5,0,0,0,0,0,0,3,11,0
188,1,5,74068000.0,0,0,14,783000,30000,537000,140000,76000,15000,1,4,10,9,2,0,0,0,0,0,0,3,11,0
189,3,5,45759000.0,1,1,13,42000,1000,18000,3000,0,4000,2,2,0,3,7,0,0,0,0,0,0,3,11,0
190,4,0,24882000.0,1,0,52,1000,4000,10000,29000,0,36000,1,1,1,2,6,1,0,0,0,0,0,3,11,0
191,3,0,66973000.0,0,0,98,466000,22000,432000,147000,113000,102000,1,8,7,12,3,0,0,0,0,0,0,3,11,0
192,0,1,36640000.0,1,0,99,15000,6000,8000,7000,4000,25000,1,2,1,2,5,0,0,0,0,0,1,3,11,0
193,1,5,38872000.0,1,0,93,23000,3000,21000,3000,19000,22000,2,3,0,3,8,0,0,0,0,0,0,3,11,0
194,1,5,51148000.0,1,1,38,235000,6000,45000,8000,9000,12000,4,5,1,6,6,0,0,0,0,0,0,3,11,0
195,1,5,31353000.0,1,1,24,10000,0,10000,3000,1000,7000,2,1,1,2,8,0,0,0,0,0,0,3,11,0
196,2,5,69661000.0,0,0,80,656000,16000,106000,32000,16000,8000,1,7,3,12,3,0,0,0,0,0,0,3,11,0
197,1,5,80067000.0,0,0,82,519000,17000,813000,27000,173000,51000,1,4,6,6,2,0,0,1,0,0,0,3,11,0
198,1,5,86718000.0,0,0,20,344000,189000,482000,50000,33000,172000,1,5,6,5,2,0,0,0,0,0,0,3,11,0
199,3,4,46854000.0,1,1,81,96000,1000,79000,7000,1000,79000,6,5,1,3,8,1,0,0,0,0,0,3,11,1
200,1,1,69142000.0,0,1,50,448000,4000,34000,6000,4000,39000,3,8,1,7,5,0,1,0,0,0,0,3,11,0
201,1,4,75922000.0,0,0,60,265000,138000,553000,224000,23000,92000,1,4,4,9,1,0,0,0,0,0,0,3,11,0
202,1,1,63693000.0,0,1,63,587000,43000,337000,42000,87000,54000,3,11,6,9,6,0,0,0,0,0,0,3,11,0
203,3,0,102160000.0,0,0,54,763000,29000,138000,76000,176000,58000,0,7,9,10,4,0,1,1,1,0,0,3,11,1
204,3,4,40637000.0,1,1,72,22000,0,13000,0,0,3000,2,1,0,3,7,0,0,0,0,0,0,3,11,0
205,2,4,18890000.0,0,0,5,6000,4000,1000,7000,2000,15000,1,0,1,2,6,1,0,0,0,0,0,3,11,1
206,1,0,29604000.0,1,0,88,7000,6000,13000,7000,6000,14000,1,1,0,3,9,1,0,0,0,0,0,3,11,0
207,2,1,48721000.0,1,1,50,81000,18000,113000,47000,13000,21000,6,4,2,5,6,0,0,0,0,0,0,3,11,0
208,1,5,44794000.0,0,1,99,54000,0,7000,0,0,4000,1,2,0,3,6,0,0,0,0,0,0,3,11,0
209,1,1,64497000.0,0,1,17,1170000,48000,320000,42000,32000,192000,5,11,4,9,8,1,0,0,0,0,0,3,11,1
210,1,0,46097000.0,0,1,11,72000,24000,68000,65000,4000,8000,5,3,1,6,4,0,0,0,0,0,0,3,11,0
211,1,0,77972000.0,0,0,18,613000,22000,319000,33000,102000,12000,1,4,6,9,1,0,0,0,0,0,0,3,11,0
212,3,5,44377000.0,1,1,70,224000,0,30000,0,0,10000,8,5,1,5,8,0,0,0,0,0,0,3,11,0
213,2,0,46014000.0,1,1,21,410000,0,59000,19000,9000,44000,10,7,1,8,7,0,0,0,0,0,0,3,11,0
214,1,5,70951000.0,0,0,66,239000,10000,554000,254000,87000,54000,1,3,4,9,1,0,0,0,0,0,0,3,11,0
215,1,5,41443000.0,1,0,79,171000,7000,171000,25000,19000,89000,6,8,1,5,8,0,0,0,0,0,0,3,11,0
216,0,4,52195000.0,2,1,2,12000,0,4000,0,0,1000,1,1,0,2,8,0,0,0,0,0,0,3,11,0
217,2,5,83790000.0,0,0,81,1076000,16000,417000,42000,48000,16000,1,8,10,6,3,0,1,1,0,0,0,3,11,0
218,2,3,44551000.0,0,1,24,182000,4000,33000,0,0,66000,2,4,1,5,7,0,0,0,0,0,0,3,11,0
219,1,0,69508000.0,1,0,48,824000,32000,162000,42000,32000,43000,2,11,4,11,6,0,0,0,0,0,0,3,11,0
220,0,0,45204000.0,1,0,93,30000,11000,25000,29000,1000,18000,1,1,1,4,3,0,0,0,0,0,0,3,11,0
221,1,5,72460000.0,0,0,56,377000,10000,540000,80000,30000,10000,1,3,5,7,1,0,0,0,0,0,0,3,11,0
222,3,0,77622000.0,0,2,3,520000,7000,154000,19000,0,14000,2,6,3,11,3,0,0,0,0,0,0,3,11,0
223,3,5,30732000.0,1,0,44,155000,1000,25000,0,1000,3000,4,4,1,4,8,0,0,0,0,0,0,3,11,0
224,1,1,63887000.0,0,1,38,897000,23000,207000,15000,11000,92000,5,9,6,12,6,0,0,0,0,0,0,3,11,0
225,1,0,42011000.0,1,0,46,131000,0,16000,2000,1000,39000,4,3,1,4,8,0,0,0,0,0,0,3,11,0
226,1,0,51369000.0,0,1,84,297000,7000,79000,0,11000,182000,2,8,2,4,8,0,0,0,0,0,0,3,11,0
227,1,1,51537000.0,0,1,27,787000,20000,204000,0,0,92000,3,2,2,11,8,0,0,0,0,0,0,3,11,0
228,3,5,79930000.0,0,0,72,792000,86000,740000,67000,51000,17000,1,3,5,8,2,0,0,0,0,0,0,3,11,0
229,3,0,34320000.0,1,0,66,4000,1000,9000,3000,0,0,1,1,0,2,8,0,0,0,0,0,0,3,11,0
230,1,4,37070000.0,1,1,30,231000,7000,137000,4000,15000,39000,9,5,1,8,7,0,0,0,0,0,0,3,11,1
231,0,1,81975000.0,0,1,2,983000,76000,184000,180000,138000,27000,1,6,3,4,7,0,0,1,0,0,0,3,11,0
232,1,0,38590000.0,1,0,65,3000,1000,8000,4000,3000,3000,1,1,0,2,8,0,0,0,0,0,0,3,11,0
233,1,4,15033000.0,0,0,37,0,4000,5000,6000,0,4000,1,1,0,3,3,0,0,0,0,0,0,3,11,0
234,3,5,62745000.0,0,1,89,562000,21000,464000,28000,10000,32000,3,7,8,11,5,0,0,0,0,0,0,3,11,0
235,0,5,22212000.0,1,0,49,5000,9000,20000,6000,8000,21000,2,2,0,4,6,0,0,0,0,0,0,3,11,0
236,2,0,23661000.0,1,0,46,18000,0,4000,0,0,1000,1,1,0,3,7,0,0,0,0,0,0,3,11,0
237,3,4,79761000.0,0,1,32,415000,5000,124000,15000,35000,11000,1,5,2,11,3,0,0,0,0,0,0,3,11,0
238,1,4,7500000.0,1,0,54,5000,3000,10000,12000,7000,20000,4,3,1,3,7,0,0,0,0,0,0,3,11,0
239,0,4,60182000.0,0,1,23,8000,0,5000,7000,0,2000,1,1,0,2,4,0,0,0,0,0,0,3,11,0
240,1,3,73455000.0,0,0,98,901000,61000,757000,186000,163000,20000,1,6,5,10,3,0,1,0,0,0,0,3,11,0
241,1,0,64961000.0,0,1,97,382000,114000,276000,75000,124000,38000,2,6,4,4,3,0,0,0,0,0,0,3,11,0
242,1,4,22804000.0,1,0,75,14000,1000,7000,2000,1000,1000,1,2,0,2,9,0,0,0,0,0,0,3,11,0
243,1,5,73687000.0,0,0,8,559000,153000,503000,218000,13000,181000,1,3,9,9,2,0,0,0,1,0,0,3,11,1
244,1,5,61074000.0,0,1,37,789000,0,133000,0,28000,152000,7,11,5,8,7,0,0,0,0,0,0,3,11,0
245,3,5,31686000.0,1,1,31,11000,0,5000,0,0,1000,2,1,0,3,6,0,0,0,0,0,0,3,11,0
246,1,5,80134000.0,1,0,40,1218000,16000,272000,104000,0,80000,2,5,3,6,6,0,1,1,1,0,0,3,11,1
247,1,5,75027000.0,0,1,74,925000,64000,179000,133000,12000,77000,2,9,4,6,5,0,0,0,0,0,0,3,11,0
248,3,5,67546000.0,0,0,90,864000,134000,768000,150000,38000,172000,1,4,10,5,3,0,0,0,0,0,0,3,11,0
249,2,0,65176000.0,0,1,57,960000,28000,183000,220000,70000,70000,4,9,6,6,6,0,0,0,0,0,0,3,11,0
250,2,4,31160000.0,1,0,59,16000,3000,25000,6000,1000,13000,2,2,0,3,8,0,0,0,0,0,0,3,11,0
251,1,4,29938000.0,1,0,52,3000,3000,7000,0,2000,11000,2,1,0,3,6,0,0,0,0,0,0,3,11,0
252,1,1,102692000.0,0,0,5,168000,148000,444000,32000,172000,148000,1,6,9,13,2,0,1,1,1,1,0,3,11,1
253,0,0,26490000.0,0,0,92,45000,47000,52000,21000,20000,25000,2,3,1,5,6,0,0,0,0,0,0,3,11,0
254,1,0,75702000.0,1,1,77,650000,28000,353000,45000,42000,30000,5,4,6,11,8,0,0,0,0,0,0,3,11,0
255,3,4,30899000.0,1,0,35,24000,0,8000,0,0,1000,2,1,0,3,6,0,0,0,0,0,0,3,11,0
256,3,0,63342000.0,0,1,48,918000,21000,118000,13000,10000,21000,3,8,3,5,6,0,1,0,0,0,0,3,11,0
257,1,4,45989000.0,0,1,97,138000,33000,87000,28000,24000,12000,4,3,2,7,3,0,0,0,0,0,0,3,11,0
258,1,4,18701000.0,1,1,95,12000,4000,2000,10000,6000,10000,4,2,0,4,5,0,0,0,0,0,0,3,11,0
259,3,4,40737000.0,2,1,24,11000,0,4000,0,0,2000,1,1,0,2,8,0,0,0,0,0,0,3,11,0
260,1,1,15287000.0,1,0,60,1000,2000,8000,4000,3000,13000,2,1,1,2,7,1,0,0,0,0,0,3,11,1
261,3,1,69674000.0,0,2,46,554000,41000,215000,11000,0,24000,3,10,2,10,5,0,0,0,0,0,0,3,11,0
262,2,5,44159000.0,1,0,85,167000,2000,62000,24000,13000,7000,4,4,1,6,5,0,0,0,0,0,0,3,11,0
263,3,5,37717000.0,1,0,31,9000,0,6000,4000,1000,5000,1,1,0,2,9,0,0,0,0,0,0,3,11,0
264,2,0,43776000.0,1,1,9,177000,2000,71000,3000,2000,20000,6,5,2,4,8,0,0,0,0,0,0,3,11,1
265,2,5,38179000.0,1,1,30,38000,4000,22000,4000,2000,20000,4,3,1,3,7,0,0,0,0,0,0,3,11,0
266,1,5,80124000.0,0,0,47,483000,84000,398000,205000,84000,241000,1,3,7,8,1,1,0,0,0,0,0,3,11,0
267,3,5,38097000.0,1,1,70,77000,2000,35000,0,1000,69000,4,3,2,2,7,1,0,0,0,0,0,3,11,1
268,1,5,72940000.0,0,0,13,182000,74000,298000,162000,149000,116000,1,3,3,6,1,0,0,0,0,0,0,3,11,0
269,1,0,22070000.0,1,0,11,10000,7000,19000,8000,2000,21000,2,2,2,2,6,0,0,0,0,0,0,3,11,0
270,1,4,69267000.0,0,0,31,778000,44000,499000,95000,73000,146000,2,3,4,5,7,0,0,0,0,0,0,3,11,1
271,2,4,31788000.0,1,0,15,16000,7000,23000,0,8000,6000,3,3,0,4,5,0,0,0,0,0,1,3,11,0
272,3,0,61905000.0,0,1,2,167000,0,43000,6000,2000,13000,2,4,2,4,5,0,0,0,0,0,0,3,11,0
273,1,5,29315000.0,1,1,55,13000,2000,14000,8000,7000,4000,4,2,0,4,6,0,0,0,0,0,0,3,11,0
274,1,1,33378000.0,1,1,38,33000,6000,40000,3000,7000,10000,3,2,0,4,7,0,0,0,0,0,0,3,11,0
275,3,0,66313000.0,0,1,86,625000,7000,99000,10000,22000,7000,2,6,3,12,4,0,0,0,0,0,0,3,11,0
276,1,4,60714000.0,0,0,56,216000,162000,224000,101000,92000,162000,2,7,4,10,5,0,0,0,0,0,0,3,11,1
277,2,0,77882000.0,0,0,29,68000,129000,396000,188000,22000,15000,1,3,3,5,1,0,0,0,0,0,0,3,11,0
278,3,4,69867000.0,0,0,30,196000,0,512000,33000,130000,54000,1,3,5,8,1,0,0,0,1,0,0,3,11,1
279,2,1,63841000.0,0,1,64,635000,15000,100000,20000,7000,131000,1,9,3,9,6,0,0,0,0,0,0,3,11,0
280,4,5,24480000.0,1,0,46,4000,19000,9000,28000,25000,17000,3,3,0,4,7,0,0,0,0,0,0,3,11,0
281,1,0,51369000.0,0,1,84,297000,7000,79000,0,11000,182000,2,8,2,4,8,0,0,0,0,0,0,3,11,0
282,1,0,37760000.0,0,0,20,84000,5000,38000,150000,12000,28000,2,4,1,6,7,0,0,0,0,0,0,3,11,0
283,3,0,65640000.0,0,1,74,204000,7000,149000,20000,15000,66000,1,5,1,8,2,0,0,0,0,0,0,3,11,0
284,2,5,44319000.0,1,1,18,26000,0,8000,0,0,3000,2,2,0,3,5,0,0,0,0,0,0,3,11,0
285,1,5,30631000.0,1,0,75,15000,6000,20000,4000,5000,20000,1,3,1,2,7,0,0,0,0,0,0,3,11,0
286,1,0,75278000.0,0,0,17,304000,98000,230000,150000,74000,74000,1,6,3,13,3,0,0,0,0,0,0,3,11,0
287,2,0,50898000.0,1,1,88,285000,28000,242000,55000,114000,135000,13,6,2,12,5,0,0,0,0,0,0,3,11,0
288,1,3,79946000.0,0,0,19,395000,183000,565000,166000,141000,28000,1,5,11,5,3,0,0,0,0,0,0,3,11,0
289,2,1,35416000.0,0,0,62,248000,3000,81000,4000,3000,51000,3,7,1,5,8,0,0,0,0,0,0,3,11,0
290,0,0,32414000.0,0,0,11,20000,6000,5000,0,9000,12000,1,1,0,3,7,1,0,0,0,0,0,3,11,0
291,1,0,38361000.0,1,0,74,39000,0,56000,20000,8000,14000,3,3,1,3,7,0,0,0,0,0,0,3,11,0
292,1,5,82497000.0,0,0,32,777000,129000,573000,216000,21000,203000,1,2,7,9,4,0,0,1,0,0,0,3,11,0
293,1,0,16626000.0,2,0,76,8000,3000,22000,21000,1000,13000,3,3,0,3,9,0,0,0,0,0,0,3,11,0
294,1,0,29672000.0,1,1,6,9000,1000,3000,0,4000,8000,1,0,0,3,6,0,0,0,0,0,0,3,11,0
295,2,0,55951000.0,0,1,62,1241000,0,80000,0,13000,40000,3,3,6,11,8,0,1,0,0,1,0,3,11,0
296,0,1,35388000.0,1,0,20,6000,4000,7000,4000,3000,8000,1,1,0,3,7,0,0,0,0,0,0,3,11,0
297,2,0,42386000.0,1,0,43,65000,4000,16000,0,4000,11000,1,3,0,3,8,0,0,0,0,0,0,3,11,0
298,1,4,68627000.0,0,0,45,395000,15000,263000,60000,54000,38000,1,2,3,6,1,0,0,0,0,0,0,3,11,0
299,3,1,57912000.0,0,1,34,801000,0,80000,0,0,35000,5,8,3,12,5,0,1,0,0,0,0,3,11,0
300,1,1,35246000.0,1,1,53,36000,0,12000,2000,2000,10000,4,3,1,3,5,0,0,0,0,0,0,3,11,0
301,0,0,58821000.0,0,1,44,513000,14000,154000,19000,0,28000,1,9,2,9,6,0,0,0,0,0,0,3,11,0
302,3,5,46377000.0,1,0,89,37000,0,46000,4000,3000,0,1,2,1,3,4,0,0,0,0,0,0,3,11,0
303,1,4,39747000.0,1,0,43,80000,15000,93000,20000,13000,52000,3,5,1,4,8,0,0,0,0,0,0,3,11,0
304,1,0,23976000.0,1,0,68,14000,1000,21000,2000,3000,25000,3,3,1,3,7,0,0,0,0,0,0,3,11,0
305,2,5,80950000.0,0,0,44,525000,147000,112000,219000,147000,63000,1,6,7,9,2,0,0,0,1,0,0,3,11,0
306,1,3,27038000.0,0,0,64,1000,26000,25000,17000,23000,15000,1,3,0,3,9,0,0,0,0,0,0,3,11,1
307,1,4,77457000.0,0,0,85,675000,11000,400000,15000,45000,11000,1,2,5,10,1,0,0,1,0,0,0,3,11,0
308,2,5,64100000.0,0,1,93,509000,0,27000,0,0,10000,1,8,3,6,7,0,1,0,0,0,0,3,11,0
309,2,0,42670000.0,0,0,12,154000,2000,46000,20000,4000,15000,1,4,2,4,4,0,0,0,0,0,0,3,11,0
310,1,1,12571000.0,1,0,86,3000,5000,14000,2000,12000,17000,4,3,1,3,6,0,0,0,0,0,0,3,11,0
311,1,5,22574000.0,2,1,28,25000,0,8000,2000,0,2000,2,2,0,3,7,0,0,0,0,0,0,3,11,0
312,1,5,0.0,0,0,69,861000,138000,461000,60000,30000,61000,1,6,5,12,3,0,1,0,1,0,0,3,11,0
313,2,4,70893000.0,0,0,42,768000,44000,561000,77000,44000,14000,1,6,6,10,3,0,0,0,0,0,0,3,11,0
314,1,5,54198000.0,1,1,13,185000,0,28000,3000,2000,17000,6,3,1,6,4,0,0,0,0,0,0,3,11,0
315,2,0,28839000.0,1,1,86,24000,0,7000,0,0,1000,2,2,0,3,5,0,0,0,0,0,0,3,11,0
316,1,5,40321000.0,1,1,59,44000,4000,21000,6000,0,27000,2,3,0,3,7,0,0,0,0,0,0,3,11,0
317,1,4,66503000.0,1,0,30,91000,64000,128000,65000,3000,50000,2,4,3,6,3,0,0,0,0,0,0,3,11,0
318,1,5,30833000.0,1,1,33,11000,0,7000,3000,1000,6000,2,1,0,3,5,0,0,0,0,0,0,3,11,0
319,1,4,0.0,1,2,67,738000,20000,172000,52000,50000,20000,6,2,3,10,7,0,1,0,1,0,0,3,11,0
320,1,5,64795000.0,0,1,23,412000,5000,119000,38000,29000,77000,3,3,3,12,2,0,0,0,0,0,0,3,11,0
321,1,5,34421000.0,1,0,81,3000,3000,7000,6000,2000,9000,1,1,0,2,7,0,0,0,0,0,0,3,11,0
322,3,1,47025000.0,1,1,6,16000,0,3000,0,0,1000,1,1,0,2,7,0,0,0,0,0,0,3,11,0
323,3,1,64325000.0,0,1,41,731000,60000,353000,78000,12000,73000,5,10,3,5,7,0,0,0,0,0,0,3,11,0
324,1,4,40464000.0,0,1,78,424000,17000,118000,7000,23000,41000,6,8,2,8,8,0,0,0,0,0,0,3,11,0
325,1,5,62187000.0,0,0,49,792000,0,275000,45000,45000,126000,1,4,8,5,3,0,0,0,0,0,0,3,11,0
326,3,1,14849000.0,1,0,39,21000,2000,28000,3000,2000,9000,3,2,0,4,8,0,0,0,0,0,0,3,11,0
327,1,5,27255000.0,1,0,3,22000,1000,11000,0,1000,2000,1,1,0,3,7,0,0,0,0,0,0,3,11,0
328,3,5,54432000.0,2,1,37,33000,0,5000,0,0,0,1,1,0,3,4,0,0,0,0,0,0,3,11,0
329,3,4,29999000.0,1,0,22,68000,7000,59000,10000,5000,11000,4,3,1,4,8,0,0,0,0,0,0,3,11,0
330,1,4,24072000.0,1,0,79,9000,1000,6000,3000,0,4000,1,1,0,2,8,0,0,0,0,0,0,3,11,0
331,3,4,33996000.0,0,0,46,40000,2000,15000,8000,0,6000,1,1,1,3,4,0,0,0,0,0,0,3,11,0
332,3,5,66334000.0,0,1,82,909000,11000,218000,0,0,23000,2,9,3,5,5,0,0,0,0,0,0,3,11,1
333,2,5,35178000.0,1,0,10,23000,1000,13000,2000,2000,18000,1,1,1,2,7,1,0,0,0,0,0,3,11,1
334,1,0,22010000.0,1,0,51,11000,2000,9000,3000,0,8000,2,2,0,3,8,0,0,0,0,0,0,3,11,0
335,1,1,62204000.0,0,2,38,317000,46000,247000,151000,46000,139000,1,4,5,12,3,0,0,0,0,0,0,3,11,0
336,1,1,75693000.0,0,0,10,797000,153000,293000,72000,97000,30000,1,11,4,6,4,0,1,1,1,0,0,3,11,1
337,1,5,30675000.0,1,0,14,10000,2000,16000,11000,2000,21000,1,1,0,3,8,0,0,0,0,0,0,3,11,0
338,1,0,83003000.0,0,0,18,856000,61000,570000,40000,25000,122000,1,7,6,8,3,0,0,1,0,0,0,3,11,1
339,3,0,83532000.0,0,0,36,755000,144000,562000,104000,64000,224000,1,4,6,4,1,0,0,1,0,0,0,3,11,0
340,1,4,68655000.0,0,0,95,456000,19000,832000,75000,118000,38000,1,4,5,11,3,0,0,0,0,0,0,3,11,0
341,1,1,41411000.0,0,0,11,37000,32000,38000,11000,3000,18000,1,2,1,4,6,0,0,0,0,0,0,3,11,0
342,3,5,55212000.0,0,1,65,1103000,0,45000,0,0,34000,3,4,2,11,8,0,1,0,0,1,0,3,11,0
343,3,0,59292000.0,0,1,71,378000,14000,68000,19000,14000,14000,2,3,5,8,3,0,0,0,0,0,0,3,11,0
344,4,0,27190000.0,1,0,13,1000,6000,7000,0,1000,3000,1,1,0,2,8,1,0,0,0,0,0,3,11,1
345,1,1,82623000.0,0,0,58,204000,34000,204000,172000,153000,173000,1,2,9,4,1,0,0,0,0,0,0,3,11,0
346,1,5,44300000.0,1,1,65,30000,0,9000,0,0,3000,2,1,0,3,6,0,0,0,0,0,0,3,11,0
347,1,1,84835000.0,0,0,0,189000,104000,379000,111000,189000,218000,1,4,4,6,1,0,0,0,0,0,0,3,11,1
348,1,3,30372000.0,1,1,33,15000,0,12000,7000,3000,7000,3,2,0,3,7,0,0,0,0,0,0,3,11,0
349,2,5,33181000.0,1,0,90,9000,0,3000,0,0,4000,1,1,0,2,6,1,0,0,0,0,0,3,11,0
350,1,5,71113000.0,0,1,95,495000,33000,255000,11000,33000,8000,4,6,7,9,4,0,0,0,0,0,0,3,11,0
351,1,5,71952000.0,1,0,93,656000,80000,455000,52000,107000,93000,2,8,4,8,4,1,0,1,0,0,0,3,11,0
352,3,4,69759000.0,0,0,38,452000,20000,514000,13000,30000,0,3,4,6,5,3,0,0,0,0,0,0,3,11,1
353,1,5,72099000.0,0,0,18,546000,91000,410000,119000,0,22000,1,3,4,10,1,0,0,0,0,0,0,3,11,0
354,3,4,60000000.0,0,1,57,1048000,0,217000,0,0,12000,5,11,3,5,6,0,0,0,0,0,0,3,11,0
355,1,4,38643000.0,1,1,45,22000,2000,14000,0,1000,10000,2,2,0,3,7,0,0,0,0,0,1,3,11,0
356,1,5,50737000.0,0,1,61,78000,0,11000,0,0,10000,1,2,0,4,6,0,1,0,0,0,0,3,11,0
357,3,5,68462000.0,0,0,6,561000,64000,785000,84000,128000,48000,1,3,3,8,1,0,0,0,0,0,0,3,11,0
358,2,5,65073000.0,0,0,65,629000,17000,177000,69000,0,8000,1,5,3,5,2,0,0,0,0,0,1,3,11,0
359,3,0,46681000.0,0,2,52,269000,15000,69000,15000,19000,38000,2,4,6,4,5,0,0,0,0,0,0,3,11,0
360,1,5,78618000.0,0,0,87,736000,163000,818000,212000,163000,61000,1,4,7,10,2,0,1,0,0,0,0,3,11,0
361,3,3,62187000.0,0,1,38,512000,0,83000,0,0,41000,3,6,2,10,4,0,0,0,0,0,0,3,11,0
362,1,5,28442000.0,2,0,53,19000,3000,10000,11000,8000,6000,3,2,1,4,4,0,0,0,0,0,0,3,11,0
363,3,5,37717000.0,1,0,31,9000,0,6000,4000,1000,5000,1,1,0,2,9,0,0,0,0,0,0,3,11,0
364,1,5,51479000.0,1,1,67,247000,8000,160000,6000,8000,65000,7,6,3,6,7,0,0,0,0,0,0,3,11,0
365,1,4,54803000.0,0,1,65,404000,0,92000,28000,27000,142000,2,6,2,9,4,0,0,0,0,0,0,3,11,0
366,1,5,79530000.0,0,0,64,333000,0,815000,129000,42000,29000,1,4,10,11,2,0,0,0,0,0,0,3,11,0
367,1,1,31615000.0,1,0,82,2000,3000,20000,6000,11000,9000,2,2,0,3,7,0,0,0,0,0,0,3,11,0
368,1,0,72025000.0,0,0,27,833000,33000,549000,151000,133000,233000,1,4,3,8,3,0,0,0,0,0,0,3,11,0
369,3,4,52614000.0,0,1,63,789000,0,142000,12000,9000,38000,2,2,4,8,8,0,0,0,0,0,0,3,11,0
370,0,5,35684000.0,1,0,66,10000,4000,7000,0,6000,3000,1,1,0,3,6,0,0,0,0,0,0,3,11,0
371,1,5,48178000.0,1,1,69,159000,4000,45000,6000,2000,38000,6,5,1,4,8,0,0,0,0,0,0,3,11,0
372,2,4,29548000.0,1,0,52,7000,1000,6000,3000,1000,11000,1,1,1,2,4,1,0,0,0,0,0,3,11,0
373,1,4,63810000.0,0,1,45,977000,12000,253000,16000,12000,101000,4,4,3,12,8,0,1,0,0,0,0,3,11,0
374,3,4,38578000.0,1,1,2,38000,4000,22000,3000,3000,3000,3,3,0,3,8,0,0,0,0,0,0,3,11,1
375,2,4,46098000.0,1,1,86,57000,0,27000,0,0,36000,4,3,2,2,8,0,0,0,0,0,0,3,11,0
376,1,4,22585000.0,0,0,23,3000,9000,15000,13000,2000,39000,1,1,1,2,9,1,0,0,0,0,0,3,11,1
377,1,4,30279000.0,1,0,13,10000,4000,14000,4000,4000,1000,1,1,0,3,8,0,0,0,0,0,0,3,11,0
378,3,0,66426000.0,0,1,14,1043000,24000,97000,32000,24000,157000,2,3,5,10,6,0,0,0,0,0,0,3,11,0
379,1,4,30822000.0,1,0,92,3000,9000,13000,2000,12000,12000,1,1,0,3,7,0,0,0,0,0,0,3,11,0
380,3,5,33581000.0,2,0,38,11000,0,5000,0,0,1000,1,1,0,2,8,0,0,0,0,0,0,3,11,0
381,1,5,19986000.0,1,0,74,3000,6000,5000,0,2000,6000,1,0,0,3,7,0,0,0,0,0,0,3,11,0
382,1,3,27421000.0,0,0,14,43000,12000,96000,78000,40000,55000,3,4,1,6,7,0,0,0,0,0,0,3,11,0
383,0,5,35688000.0,2,1,94,73000,3000,90000,12000,1000,32000,7,4,1,4,8,0,0,0,0,0,0,3,11,0
384,2,4,36143000.0,1,0,33,12000,0,1000,0,0,6000,1,0,1,2,3,0,0,0,0,0,0,3,11,0
385,1,4,10245000.0,1,0,32,4000,7000,7000,6000,4000,13000,3,1,2,2,5,0,0,0,0,0,0,3,11,0
386,2,0,43795000.0,0,1,11,314000,11000,53000,4000,3000,107000,3,7,3,4,7,0,1,0,0,0,0,3,11,1
387,1,0,63381000.0,0,1,78,571000,50000,142000,33000,50000,159000,4,4,5,13,2,0,0,0,0,0,0,3,11,0
388,1,0,38823000.0,0,1,56,70000,0,11000,2000,8000,23000,1,2,1,3,6,0,0,0,0,0,0,3,11,0
389,3,1,83664000.0,1,1,57,866000,21000,151000,28000,21000,86000,3,2,2,12,5,0,0,0,0,0,0,3,11,0
390,1,0,90300000.0,0,0,7,594000,134000,786000,33000,134000,57000,0,5,6,8,1,0,0,1,0,0,0,3,11,0
391,2,0,62499000.0,1,0,0,140000,4000,61000,0,13000,4000,2,3,1,6,4,0,0,0,0,0,0,3,11,0
392,1,4,74293000.0,0,0,66,375000,152000,335000,93000,91000,81000,1,5,4,6,2,0,0,0,0,0,0,3,11,0
393,3,5,51012000.0,0,0,86,102000,9000,63000,2000,9000,24000,1,4,1,4,6,0,0,0,0,0,0,3,11,0
394,2,5,70777000.0,0,1,80,554000,35000,113000,0,7000,78000,3,5,3,12,3,0,0,0,0,0,0,3,11,0
395,3,0,68682000.0,0,0,56,919000,0,505000,99000,30000,45000,1,4,9,10,2,0,0,0,0,0,0,3,11,0
396,1,5,43824000.0,1,1,18,96000,1000,42000,12000,3000,32000,4,3,1,4,8,0,0,0,0,0,0,3,11,0
397,1,0,15345000.0,1,0,51,5000,2000,16000,3000,2000,19000,2,1,1,2,8,0,0,0,0,0,0,3,11,1
398,1,4,23442000.0,1,0,71,2000,0,6000,8000,6000,5000,1,1,0,3,7,0,0,0,0,0,0,3,11,0
399,0,0,14515000.0,1,0,71,6000,4000,9000,6000,36000,35000,4,2,2,3,7,0,0,0,0,0,0,3,11,1
400,0,1,31395000.0,1,1,80,23000,1000,25000,0,8000,7000,4,2,1,3,6,0,0,0,0,0,0,3,11,0
401,1,0,75276000.0,0,0,2,610000,105000,125000,137000,42000,21000,1,9,4,9,5,0,0,0,0,0,0,3,11,0
402,1,4,42373000.0,1,1,83,67000,5000,61000,3000,8000,19000,5,2,1,5,5,0,0,0,0,0,0,3,11,0
403,1,0,30507000.0,0,0,29,65000,36000,74000,38000,20000,110000,1,5,1,4,7,0,0,0,0,0,0,3,11,0
404,3,4,55521000.0,1,2,11,416000,0,26000,0,0,4000,9,6,3,6,7,0,1,0,0,0,0,3,11,1
405,1,5,48006000.0,1,1,55,23000,0,11000,3000,2000,2000,1,1,0,3,6,0,0,0,0,0,0,3,11,0
406,3,4,27213000.0,1,0,19,19000,3000,26000,10000,9000,3000,3,2,0,4,8,0,0,0,0,0,0,3,11,1
407,3,1,65808000.0,1,1,1,155000,7000,80000,13000,7000,10000,3,5,1,5,6,0,0,0,0,0,0,3,11,0
408,3,0,30351000.0,1,0,19,14000,0,24000,3000,3000,2000,1,3,0,2,9,0,0,0,0,0,0,3,11,0
409,1,5,50437000.0,0,2,28,370000,9000,92000,6000,9000,4000,3,7,1,8,7,0,0,0,0,0,0,3,11,0
410,0,4,23616000.0,1,0,76,4000,22000,11000,3000,7000,32000,2,3,0,3,8,0,0,0,0,0,0,3,11,1
411,1,5,53858000.0,0,1,50,407000,53000,221000,58000,150000,26000,4,4,3,6,4,0,0,0,0,0,0,3,11,0
412,3,5,66465000.0,0,1,1,1200000,0,204000,38000,29000,14000,3,11,9,12,6,0,0,0,1,0,0,3,11,0
413,1,4,46923000.0,1,0,90,85000,44000,54000,102000,78000,6000,3,5,1,7,7,0,0,0,0,0,0,3,11,0
414,1,0,75072000.0,0,1,83,583000,34000,309000,0,22000,125000,2,5,4,8,3,0,0,0,0,0,0,3,11,0
415,3,5,75865000.0,0,0,73,483000,0,591000,156000,0,12000,1,3,5,10,1,0,0,0,0,0,0,3,11,0
416,0,0,19789000.0,1,0,24,2000,5000,9000,28000,6000,28000,3,2,1,3,5,1,0,0,0,0,0,3,11,0
417,1,0,80134000.0,0,0,11,966000,26000,282000,52000,26000,26000,1,2,7,11,5,0,1,1,1,1,0,3,11,0
418,1,4,91065000.0,0,0,33,822000,114000,108000,179000,137000,114000,1,7,9,9,3,0,0,1,1,0,0,3,11,1
419,2,5,49505000.0,1,1,4,604000,0,100000,19000,0,28000,9,10,2,8,8,0,0,0,0,0,0,3,11,0
420,3,5,37401000.0,1,0,14,19000,3000,19000,3000,1000,3000,2,2,0,3,7,0,0,0,0,0,0,3,11,0
421,1,5,30096000.0,1,0,30,5000,3000,11000,12000,5000,9000,1,2,0,3,6,0,0,0,0,0,0,3,11,0
422,2,0,18492000.0,1,0,75,2000,2000,2000,2000,1000,1000,1,1,0,2,8,0,0,0,0,0,0,3,11,0
423,2,5,82584000.0,0,0,26,1076000,68000,103000,29000,91000,68000,1,3,4,8,1,0,1,1,0,0,0,3,11,1
424,3,5,93027000.0,0,0,77,1285000,42000,716000,55000,0,21000,0,7,10,5,2,0,0,1,0,0,0,3,11,0
425,1,5,48686000.0,1,2,8,10000,0,7000,2000,0,1000,1,1,0,2,8,0,0,0,0,0,0,3,11,0
426,1,5,92910000.0,0,0,42,551000,137000,792000,179000,103000,33000,1,6,7,13,1,0,1,1,1,0,0,3,11,0
427,1,5,75433000.0,1,0,28,800000,0,297000,0,34000,57000,2,2,5,10,6,0,1,0,1,0,0,3,11,0
428,0,0,10404000.0,1,0,52,2000,2000,11000,10000,6000,12000,2,1,0,4,5,0,0,0,0,0,0,3,11,0
429,1,5,61314000.0,0,1,1,378000,0,189000,97000,172000,172000,2,5,5,12,3,0,0,0,0,0,0,3,11,0
430,3,4,84865000.0,0,0,1,1248000,16000,349000,43000,16000,16000,1,2,4,9,4,0,1,1,1,1,0,3,11,1
431,1,5,42387000.0,1,0,42,235000,0,235000,19000,4000,191000,5,8,1,7,8,0,0,0,0,0,0,3,11,0
432,0,0,67309000.0,1,1,76,515000,47000,181000,149000,95000,95000,15,9,6,9,7,0,0,0,0,0,0,3,11,0
433,1,5,75236000.0,0,1,27,438000,66000,400000,12000,38000,114000,1,8,3,13,4,0,0,0,0,0,0,3,11,0
434,1,4,30015000.0,1,0,28,25000,0,22000,2000,3000,5000,2,1,0,4,5,0,0,0,0,0,0,3,11,0
435,2,0,50943000.0,0,1,49,31000,0,7000,2000,0,6000,1,1,0,3,5,0,0,0,0,0,0,3,11,0
436,1,1,67272000.0,0,1,12,357000,35000,271000,28000,28000,14000,3,6,2,12,5,0,0,0,0,0,0,3,11,0
437,2,3,51529000.0,0,1,14,400000,4000,35000,6000,0,22000,2,9,1,5,8,0,0,0,0,0,0,3,11,0
438,3,5,32011000.0,1,0,89,99000,0,15000,2000,1000,5000,3,2,1,4,7,0,0,0,0,0,0,3,11,0
439,0,5,7500000.0,1,0,96,1000,11000,5000,4000,6000,9000,2,2,0,3,8,0,0,0,0,0,0,3,11,0
440,1,5,28691000.0,1,0,56,5000,4000,13000,8000,0,4000,1,1,0,3,8,0,0,0,0,0,0,3,11,0
441,3,5,56223000.0,0,1,72,77000,28000,31000,16000,0,4000,2,2,1,5,4,0,0,0,0,0,0,3,11,0
442,1,5,18100000.0,0,0,14,3000,1000,2000,4000,3000,1000,1,0,0,3,5,0,0,0,0,0,0,3,11,0
443,1,4,30279000.0,1,0,13,10000,4000,14000,4000,4000,1000,1,1,0,3,8,0,0,0,0,0,0,3,11,0
444,0,5,20130000.0,0,0,99,0,6000,3000,7000,6000,12000,1,1,0,3,8,0,0,0,0,0,0,3,11,0
445,1,1,23295000.0,0,0,72,0,0,1000,2000,12000,5000,1,1,0,2,8,0,0,0,0,0,0,3,11,0
446,2,1,42618000.0,1,0,92,76000,14000,74000,13000,5000,10000,2,5,0,4,8,0,0,0,0,0,0,3,11,0
447,1,4,81246000.0,0,0,87,398000,190000,537000,61000,156000,37000,1,4,5,7,1,1,0,0,1,0,0,3,11,0
448,1,5,24027000.0,1,0,7,14000,7000,11000,11000,0,5000,2,2,0,3,8,0,0,0,0,0,0,3,11,0
449,3,5,55707000.0,0,1,91,208000,7000,82000,30000,66000,35000,2,3,2,9,3,0,0,0,0,0,0,3,11,0
450,1,4,57959000.0,0,1,71,430000,16000,322000,43000,24000,33000,5,4,7,11,3,0,0,0,0,0,0,3,11,0
451,1,5,56796000.0,0,1,24,656000,38000,161000,62000,47000,37000,3,8,9,7,7,0,0,0,0,0,0,3,11,0
452,2,4,36230000.0,1,0,17,14000,2000,30000,8000,2000,3000,1,2,0,4,5,0,0,0,0,0,0,3,11,0
453,0,5,70829000.0,1,1,87,141000,70000,106000,72000,19000,23000,2,4,2,8,3,0,0,0,0,0,0,3,11,0
454,1,5,65991000.0,0,1,21,507000,19000,364000,25000,47000,9000,3,9,5,10,7,0,0,0,0,0,0,3,11,0
455,1,5,38988000.0,1,2,90,164000,24000,103000,12000,3000,42000,7,5,1,6,8,0,0,0,0,0,0,3,11,0
456,0,4,89572000.0,0,0,44,606000,24000,974000,197000,194000,64000,1,7,7,9,4,0,1,0,1,0,0,3,11,1
457,2,5,42207000.0,1,0,71,116000,11000,72000,3000,17000,46000,4,4,1,5,6,1,0,0,0,0,0,3,11,1
458,1,5,50300000.0,0,1,52,143000,15000,60000,24000,23000,5000,2,2,1,8,2,0,0,0,0,0,0,3,11,0
459,0,0,66664000.0,0,0,78,398000,96000,447000,220000,96000,32000,1,5,7,6,3,0,0,0,0,0,0,3,11,0
460,1,5,60597000.0,0,1,2,522000,0,257000,32000,16000,66000,4,2,2,8,7,0,0,0,1,0,0,3,11,1
461,1,3,70165000.0,0,0,60,161000,0,253000,199000,191000,122000,1,3,7,11,1,0,0,0,0,0,0,3,11,0
462,3,3,50520000.0,0,1,25,112000,0,6000,2000,1000,14000,2,3,1,3,6,0,0,0,0,0,0,3,11,0
463,1,5,80124000.0,0,0,47,483000,84000,398000,205000,84000,241000,1,3,7,8,1,1,0,0,0,0,0,3,11,0
464,1,5,33183000.0,1,0,46,7000,5000,39000,17000,15000,37000,2,4,0,3,7,0,0,0,0,0,0,3,11,0
465,3,4,66582000.0,0,0,83,789000,25000,420000,16000,38000,0,1,2,8,9,1,0,0,0,0,0,0,3,11,0
466,3,0,75261000.0,0,0,17,1239000,17000,413000,23000,34000,17000,1,5,6,5,2,0,1,1,0,0,0,3,11,1
467,1,3,31880000.0,1,0,13,4000,1000,5000,2000,0,3000,1,1,0,2,8,0,0,0,0,0,0,3,11,0
468,1,5,53790000.0,0,2,86,335000,42000,127000,28000,5000,5000,3,7,2,8,6,0,0,0,0,0,0,3,11,0
469,3,0,49269000.0,1,0,92,639000,8000,166000,11000,8000,58000,3,7,3,12,7,0,0,0,0,0,0,3,11,0
470,1,5,61456000.0,0,1,47,563000,76000,384000,84000,192000,89000,4,6,10,13,4,0,0,0,0,0,0,3,11,0
471,1,5,37406000.0,1,0,18,2000,0,8000,2000,2000,3000,1,1,0,2,8,0,0,0,0,0,0,3,11,1
472,3,0,56937000.0,1,0,81,746000,8000,125000,11000,8000,8000,7,8,6,9,6,0,1,0,0,0,0,3,11,1
473,1,5,38415000.0,1,1,91,22000,1000,13000,4000,0,4000,2,1,0,3,7,0,0,0,0,0,0,3,11,0
474,1,4,20518000.0,1,0,58,4000,1000,6000,4000,1000,9000,1,1,1,2,5,0,0,0,0,0,0,3,11,0
475,1,5,62503000.0,0,1,40,478000,0,193000,110000,75000,117000,4,8,3,11,5,0,0,0,0,0,0,3,11,0
476,3,4,41644000.0,1,1,67,20000,3000,4000,2000,0,2000,2,1,0,3,3,0,0,0,0,0,0,3,11,0
477,2,5,55842000.0,0,1,19,451000,0,39000,0,4000,24000,1,7,1,8,5,0,0,0,0,0,0,3,11,0
478,3,5,62010000.0,0,1,93,371000,22000,39000,6000,0,92000,4,6,2,7,5,0,0,0,0,0,0,3,11,0
479,1,5,41124000.0,1,0,41,281000,7000,84000,15000,0,119000,7,7,3,4,8,0,0,0,0,0,0,3,11,0
480,2,5,38961000.0,1,0,60,19000,7000,19000,0,1000,24000,1,2,1,2,7,0,0,0,0,0,0,3,11,0
481,2,1,37760000.0,1,0,54,26000,3000,13000,2000,10000,0,1,2,0,3,6,0,0,0,0,0,0,3,11,0
482,1,4,32233000.0,1,0,26,138000,15000,35000,25000,11000,72000,2,6,2,2,9,1,0,0,0,0,0,3,11,1
483,1,5,43057000.0,0,1,30,213000,2000,44000,0,2000,5000,4,4,2,5,5,0,0,0,0,0,0,3,11,0
484,2,0,83151000.0,0,0,93,407000,28000,100000,120000,74000,18000,1,5,9,4,3,0,0,0,0,0,0,3,11,0
485,3,1,78825000.0,0,0,35,483000,74000,114000,169000,37000,18000,1,5,10,13,3,0,0,0,0,0,0,3,11,1
486,2,0,65104000.0,0,1,4,738000,0,232000,13000,20000,50000,2,3,5,7,7,0,0,0,0,0,0,3,11,0
487,1,5,60093000.0,0,1,92,502000,12000,109000,16000,6000,90000,2,7,2,10,6,0,0,0,0,0,0,3,11,0
488,1,5,14045000.0,1,0,24,11000,0,5000,2000,1000,1000,1,1,0,3,7,0,0,0,0,0,0,3,11,0
489,0,3,28457000.0,0,0,96,24000,1000,108000,29000,29000,14000,1,4,1,4,8,0,0,0,0,0,0,3,11,0
490,3,0,78952000.0,0,1,11,1170000,19000,594000,99000,76000,134000,2,2,5,12,6,0,0,0,0,0,0,3,11,0
491,1,1,46310000.0,1,0,99,185000,2000,88000,15000,5000,14000,2,6,1,5,8,0,0,0,0,0,0,3,11,0
492,1,0,76005000.0,0,0,72,983000,20000,389000,240000,50000,40000,1,3,5,13,6,0,0,0,1,0,0,3,11,0
493,2,4,58308000.0,0,1,77,691000,0,69000,10000,0,130000,4,2,6,3,8,0,0,0,0,0,0,3,11,0
494,3,1,55614000.0,0,0,85,504000,13000,131000,8000,0,26000,1,9,4,6,7,0,1,0,0,0,0,3,11,0
495,2,1,59432000.0,0,1,88,317000,25000,265000,25000,19000,12000,3,5,3,11,5,0,0,0,0,0,0,3,11,0
496,1,1,55563000.0,0,1,22,29000,1000,9000,2000,0,2000,1,2,0,3,3,0,0,0,0,0,0,3,11,0
497,3,0,78642000.0,0,1,83,1396000,0,322000,46000,35000,17000,1,4,9,4,6,0,0,0,0,0,0,3,11,0
498,3,0,67911000.0,0,1,63,529000,0,356000,63000,28000,0,3,6,7,11,3,0,0,0,0,0,0,3,11,0
499,1,5,65275000.0,0,0,9,388000,14000,218000,91000,14000,21000,1,4,3,13,2,0,0,0,0,0,0,3,11,0
500,1,0,27203000.0,1,1,92,13000,2000,21000,4000,0,24000,2,1,1,2,8,0,0,0,0,0,0,3,11,0
501,2,0,48330000.0,0,1,2,28000,0,4000,0,0,0,1,1,0,3,5,0,0,0,0,0,0,3,11,0
502,4,5,24279000.0,0,0,6,16000,36000,21000,20000,62000,108000,1,4,1,3,8,0,0,0,0,0,0,3,11,0
503,3,5,64355000.0,1,0,66,1047000,0,140000,67000,38000,153000,2,4,3,12,8,0,0,0,0,0,0,3,11,0
504,2,0,50943000.0,0,1,49,31000,0,7000,2000,0,6000,1,1,0,3,5,0,0,0,0,0,0,3,11,0
505,1,3,53653000.0,0,0,29,815000,10000,239000,28000,10000,108000,2,10,4,12,6,0,0,0,0,0,0,3,11,0
506,1,5,65665000.0,0,1,77,225000,162000,387000,106000,36000,29000,1,5,10,8,3,0,0,0,0,0,0,3,11,0
507,1,4,81217000.0,0,0,77,493000,70000,324000,146000,40000,84000,1,3,7,11,1,0,0,0,0,0,0,3,11,0
508,1,5,34935000.0,0,0,71,34000,4000,66000,3000,10000,20000,1,2,1,4,7,0,0,0,0,0,0,3,11,0
509,1,1,61250000.0,0,1,49,382000,138000,65000,60000,26000,59000,6,5,2,12,5,0,0,0,0,0,0,3,11,0
510,3,0,39665000.0,1,0,97,127000,1000,56000,0,1000,31000,3,4,2,3,7,1,0,0,0,0,0,3,11,0
511,1,4,60152000.0,0,1,6,325000,83000,300000,86000,58000,91000,1,6,4,12,3,0,0,0,0,0,0,3,11,0
512,1,5,48920000.0,0,2,93,238000,17000,68000,8000,10000,6000,3,6,2,5,7,0,1,0,0,0,0,3,11,0
513,2,0,89120000.0,0,0,78,1168000,92000,408000,72000,129000,55000,1,5,6,7,1,0,0,1,0,0,0,3,11,0
514,3,0,44124000.0,0,1,62,284000,0,55000,0,6000,52000,4,6,2,5,8,0,0,0,0,0,0,3,11,0
515,2,4,81169000.0,0,0,47,1288000,20000,613000,80000,61000,27000,1,5,7,9,2,0,0,0,0,0,0,3,11,0
516,1,5,36443000.0,1,1,9,65000,0,46000,4000,3000,20000,4,3,1,3,8,0,0,0,0,0,0,3,11,0
517,1,4,26095000.0,1,0,77,11000,7000,9000,3000,1000,11000,1,1,0,3,7,0,0,0,0,0,0,3,11,0
518,1,0,71367000.0,0,0,24,227000,23000,389000,42000,21000,75000,1,4,5,7,2,0,0,0,0,0,0,3,11,0
519,2,5,80184000.0,0,0,19,1035000,134000,670000,25000,38000,0,1,6,3,10,3,0,0,1,1,0,0,3,11,0
520,1,1,30630000.0,1,1,67,27000,1000,12000,2000,0,10000,2,2,0,3,7,0,0,0,0,0,0,3,11,0
521,2,4,73454000.0,0,0,95,982000,73000,351000,56000,14000,175000,1,2,4,6,5,1,0,0,0,0,0,3,11,0
522,1,5,42691000.0,0,0,48,179000,2000,64000,38000,17000,58000,1,5,1,6,5,0,0,0,0,0,0,3,11,0
523,1,5,70503000.0,0,0,73,1379000,33000,216000,0,33000,66000,1,2,4,9,6,0,1,1,0,0,0,3,11,0
524,1,5,25545000.0,1,0,35,32000,1000,64000,16000,12000,85000,3,2,2,3,6,0,0,0,0,0,0,3,11,1
525,1,5,32880000.0,1,0,76,8000,4000,15000,7000,6000,2000,1,1,0,3,8,0,0,0,0,0,0,3,11,0
526,3,0,77863000.0,0,0,20,881000,38000,319000,16000,25000,12000,1,4,5,10,2,0,0,0,0,0,0,3,11,0
527,2,5,50353000.0,0,0,72,141000,15000,153000,67000,31000,35000,1,4,4,6,3,0,0,0,0,0,0,3,11,0
528,1,4,61839000.0,0,0,20,1000000,155000,379000,224000,17000,120000,1,4,8,4,8,0,0,0,0,0,0,3,11,0
529,3,5,49154000.0,1,1,69,206000,10000,67000,30000,27000,71000,6,4,1,8,6,0,0,0,0,0,0,3,11,0
530,0,3,47682000.0,0,1,80,162000,61000,83000,97000,57000,61000,4,4,3,8,5,0,0,0,0,0,0,3,11,0
531,1,4,72679000.0,0,1,65,619000,54000,260000,127000,54000,54000,1,4,7,5,1,0,0,0,0,0,0,3,11,0
532,2,0,57954000.0,1,1,52,456000,4000,24000,0,0,9000,7,8,2,6,7,0,1,0,0,0,0,3,11,0
533,1,5,65316000.0,1,1,65,112000,6000,92000,3000,9000,38000,2,3,2,5,4,0,0,0,0,0,0,3,11,0
534,1,4,28567000.0,1,0,57,11000,3000,22000,2000,2000,6000,2,2,0,3,6,0,0,0,0,0,0,3,11,0
535,2,0,47352000.0,0,1,70,172000,12000,112000,8000,0,15000,4,6,1,5,7,0,0,0,0,0,0,3,11,0
536,1,0,44931000.0,0,1,0,78000,0,11000,0,0,7000,1,2,1,3,5,0,0,0,0,0,0,3,11,0
537,1,1,76982000.0,0,0,19,464000,151000,292000,65000,60000,30000,1,8,3,4,4,0,0,1,0,0,0,3,11,1
538,0,0,57247000.0,0,1,50,99000,4000,32000,37000,54000,6000,2,2,1,7,2,0,0,0,0,0,0,3,11,0
539,2,4,22944000.0,1,0,67,19000,3000,19000,4000,5000,26000,3,3,0,3,7,0,0,0,0,0,0,3,11,0
540,0,0,25315000.0,1,0,46,1000,9000,8000,11000,3000,22000,3,3,0,3,8,0,0,0,0,0,0,3,11,0
541,1,3,43638000.0,0,1,37,63000,10000,83000,7000,19000,19000,2,4,1,4,7,0,0,0,0,0,0,3,11,0
542,3,4,42710000.0,1,0,38,252000,3000,42000,4000,3000,102000,2,4,5,3,6,0,0,0,0,0,0,3,11,0
543,3,5,84169000.0,0,0,9,1478000,19000,403000,0,19000,0,1,7,6,6,3,0,1,1,0,0,0,3,11,1
544,1,0,54058000.0,0,1,56,198000,18000,252000,32000,108000,54000,2,4,6,8,3,0,0,0,0,0,0,3,11,0
545,0,5,24683000.0,1,0,98,8000,4000,10000,6000,7000,6000,2,2,0,4,5,0,0,0,0,0,0,3,11,0
546,1,3,85620000.0,0,0,68,416000,46000,925000,60000,107000,46000,1,3,6,4,1,0,0,0,0,0,0,3,11,1
547,1,5,47850000.0,1,0,72,42000,7000,43000,20000,12000,10000,1,3,0,4,6,0,0,0,0,0,0,3,11,0
548,1,5,19514000.0,1,1,47,14000,3000,21000,2000,1000,28000,4,3,1,2,8,1,0,0,0,0,0,3,11,1
549,2,5,27159000.0,1,1,33,17000,0,3000,0,0,1000,2,1,0,3,6,0,0,0,0,0,0,3,11,0
550,0,4,39548000.0,1,1,87,15000,4000,10000,3000,4000,18000,2,1,1,3,3,0,0,0,0,0,0,3,11,0
551,1,4,21474000.0,1,0,0,6000,16000,24000,11000,0,34000,2,3,1,2,7,1,0,0,0,0,0,3,11,1
552,3,4,60504000.0,0,1,73,458000,0,24000,6000,4000,34000,2,6,2,8,6,0,0,0,0,0,0,3,11,0
553,1,5,22419000.0,0,0,74,30000,3000,47000,19000,21000,42000,1,3,2,2,8,0,0,0,0,0,0,3,11,0
554,2,5,81698000.0,0,0,4,179000,28000,520000,111000,123000,47000,1,3,8,13,1,0,0,0,0,0,0,3,11,1
555,1,0,43462000.0,1,1,50,90000,17000,97000,15000,6000,15000,6,4,1,5,8,0,0,0,0,0,0,3,11,0
556,3,4,54880000.0,1,0,57,308000,85000,137000,102000,45000,118000,2,6,2,11,5,0,0,0,0,0,0,3,11,0
557,1,5,79908000.0,0,0,30,557000,129000,761000,29000,185000,111000,1,5,6,7,2,0,0,1,0,0,0,3,11,0
558,0,5,15315000.0,0,0,27,7000,4000,13000,15000,8000,17000,2,2,0,4,5,0,0,0,0,0,0,3,11,0
559,1,0,87771000.0,0,1,61,1492000,38000,287000,50000,57000,33000,1,5,10,4,6,0,1,1,1,1,0,3,11,1
560,1,5,33039000.0,1,0,4,30000,8000,12000,8000,8000,12000,1,2,0,4,5,0,0,0,0,0,0,3,11,0
561,1,4,81741000.0,0,0,75,249000,153000,940000,58000,134000,38000,0,6,6,7,2,0,0,0,0,0,0,3,11,0
562,2,0,71499000.0,0,1,12,465000,25000,132000,136000,0,37000,2,8,3,13,4,0,0,0,0,0,0,3,11,0
563,0,5,62466000.0,0,1,13,129000,129000,259000,168000,121000,83000,5,6,3,12,4,0,0,0,0,0,0,3,11,0
564,3,1,48799000.0,0,1,9,174000,18000,81000,28000,6000,24000,3,3,2,7,3,0,0,0,0,0,0,3,11,0
565,3,0,52157000.0,0,1,48,189000,2000,29000,3000,2000,40000,2,3,2,5,4,0,0,0,0,0,0,3,11,0
566,1,4,66565000.0,0,1,80,747000,10000,161000,65000,40000,42000,4,4,2,9,8,0,0,0,0,0,0,3,11,0
567,2,0,29298000.0,1,1,60,6000,0,2000,2000,0,1000,1,1,0,2,5,0,0,0,0,0,0,3,11,0
568,1,4,47691000.0,0,1,43,14000,0,3000,0,0,4000,1,1,0,2,6,0,0,0,0,0,0,3,11,0
569,1,0,38200000.0,1,1,19,12000,0,4000,0,0,1000,1,1,0,2,7,0,0,0,0,0,0,3,11,0
570,1,5,44989000.0,0,1,26,98000,0,106000,49000,10000,106000,5,5,1,5,6,0,0,0,0,0,0,3,11,0
571,3,5,38443000.0,1,1,58,32000,0,5000,0,0,1000,2,1,0,3,7,0,0,0,0,0,0,3,11,0
572,0,4,38593000.0,1,0,42,51000,12000,49000,17000,24000,24000,3,4,1,3,8,0,0,0,0,0,0,3,11,0
573,3,0,64413000.0,0,1,27,200000,5000,44000,0,10000,20000,1,5,1,5,5,0,0,0,0,0,0,3,11,0
574,2,5,36959000.0,1,0,56,25000,6000,25000,6000,0,0,2,2,0,3,8,0,0,0,0,0,0,3,11,0
575,3,5,61996000.0,0,1,27,1050000,12000,144000,0,0,24000,3,6,4,8,5,0,1,0,1,1,0,3,11,1
576,1,5,51287000.0,1,1,10,117000,0,22000,13000,0,30000,3,4,1,3,7,0,0,0,0,0,0,3,11,0
577,1,5,13260000.0,1,1,48,9000,4000,17000,10000,2000,7000,4,3,0,3,8,0,0,0,0,0,0,3,11,0
578,3,0,47472000.0,1,1,39,56000,0,11000,0,0,8000,2,2,0,4,5,0,0,0,0,0,0,3,11,0
579,2,0,54603000.0,1,1,85,145000,13000,46000,17000,2000,4000,6,4,2,4,7,0,0,0,0,0,0,3,11,0
580,3,5,45207000.0,1,1,64,203000,0,10000,0,0,2000,5,3,1,6,6,0,1,0,0,0,0,3,11,0
581,1,0,40689000.0,0,1,69,270000,3000,27000,39000,6000,99000,7,7,1,5,8,0,0,0,0,0,0,3,11,0
582,0,0,47821000.0,1,1,54,9000,0,16000,6000,6000,10000,1,1,0,3,8,0,0,0,0,0,0,3,11,0
583,2,5,27450000.0,0,0,57,37000,12000,23000,8000,11000,52000,1,2,1,3,7,0,0,0,0,0,0,3,11,0
584,1,0,39453000.0,1,0,64,46000,0,7000,0,0,2000,2,2,0,3,6,0,0,0,0,0,0,3,11,0
585,0,0,26850000.0,1,1,10,31000,1000,13000,7000,2000,9000,4,2,1,4,4,0,0,0,0,0,0,3,11,0
586,1,3,79800000.0,0,0,65,1060000,21000,530000,32000,0,224000,1,5,11,5,3,1,0,1,1,0,0,3,11,1
587,2,5,61794000.0,0,1,74,264000,47000,188000,54000,47000,11000,2,4,4,10,2,0,0,0,0,0,0,3,11,0
588,1,0,53863000.0,0,1,4,399000,4000,30000,6000,4000,30000,3,7,1,7,7,0,1,0,0,0,0,3,11,0
589,1,0,24221000.0,0,0,94,8000,9000,9000,2000,5000,22000,1,1,1,3,4,0,0,0,0,0,0,3,11,0
590,3,4,39684000.0,1,0,41,19000,0,35000,6000,4000,17000,2,2,1,2,7,0,0,0,0,0,1,3,11,1
591,2,5,92163000.0,0,0,25,817000,183000,797000,106000,163000,20000,0,5,11,5,2,0,0,1,1,0,0,3,11,1
592,2,4,69882000.0,0,0,94,292000,127000,635000,132000,127000,165000,1,3,7,9,1,0,0,0,0,0,0,3,11,0
593,1,0,33178000.0,1,0,9,12000,6000,2000,11000,2000,16000,1,1,0,3,4,0,0,0,0,0,0,3,11,0
594,3,5,59973000.0,0,0,47,130000,30000,168000,20000,34000,0,1,3,4,7,1,0,0,0,0,0,0,3,11,0
595,2,0,17459000.0,1,0,12,6000,4000,16000,3000,10000,30000,3,3,1,2,7,0,0,0,0,0,0,3,11,1
596,1,1,23910000.0,1,0,80,16000,12000,18000,7000,1000,13000,1,2,0,3,7,0,0,0,0,0,0,3,11,0
597,2,5,42169000.0,1,1,20,19000,0,9000,0,0,2000,2,1,0,3,8,0,0,0,0,0,0,3,11,0
598,0,5,26224000.0,1,0,39,4000,7000,15000,13000,9000,15000,3,2,1,3,6,0,0,0,0,0,0,3,11,0
599,1,0,31089000.0,1,0,57,31000,3000,31000,2000,8000,4000,3,3,0,4,8,0,0,0,0,0,0,3,11,0
600,1,4,30081000.0,0,1,27,36000,0,2000,0,0,4000,1,1,0,3,7,0,0,0,0,0,0,3,11,0
601,1,0,62807000.0,0,1,83,526000,28000,135000,10000,21000,99000,3,5,3,12,5,0,0,0,0,0,0,3,11,0
602,1,4,72906000.0,0,0,79,400000,32000,519000,71000,75000,54000,1,3,4,9,1,0,0,0,0,0,0,3,11,0
603,3,5,61467000.0,0,2,69,410000,16000,114000,0,5000,49000,3,5,2,10,5,0,0,0,0,0,0,3,11,0
604,2,0,49618000.0,1,1,77,80000,3000,26000,4000,2000,14000,4,3,1,3,7,0,0,0,0,0,0,3,11,0
605,2,4,21888000.0,1,0,15,88000,10000,46000,2000,3000,64000,4,5,1,2,10,0,0,0,0,0,0,3,11,1
606,1,3,42429000.0,0,1,99,55000,0,6000,2000,0,4000,2,1,1,3,5,0,0,0,0,0,0,3,11,0
607,1,1,26150000.0,2,1,61,5000,1000,13000,3000,5000,1000,1,1,0,3,7,0,0,0,0,0,0,3,11,0
608,4,5,30801000.0,0,1,23,8000,4000,5000,15000,2000,11000,2,1,0,3,7,0,0,0,0,0,0,3,11,0
609,1,5,81168000.0,0,0,84,410000,0,592000,147000,22000,22000,1,6,4,7,3,0,0,0,1,0,0,3,11,0
610,2,4,26877000.0,0,0,74,101000,13000,76000,20000,18000,40000,2,3,1,6,6,0,0,0,0,0,0,3,11,0
611,2,3,45006000.0,0,0,90,162000,25000,53000,16000,0,10000,1,3,1,7,3,0,0,0,0,0,0,3,11,0
612,4,5,18978000.0,1,0,41,2000,8000,1000,4000,7000,15000,1,1,0,3,8,0,0,0,0,0,0,3,11,0
613,1,5,22574000.0,2,1,28,25000,0,8000,2000,0,2000,2,2,0,3,7,0,0,0,0,0,0,3,11,0
614,3,4,48240000.0,0,0,73,389000,91000,248000,64000,49000,41000,3,6,3,13,5,0,0,0,0,0,0,3,11,1
615,1,5,45837000.0,1,1,88,215000,13000,87000,17000,17000,24000,5,6,2,5,7,0,0,0,0,0,0,3,11,0
616,2,4,35791000.0,2,1,94,27000,0,5000,0,0,3000,2,1,0,3,8,0,0,0,0,0,0,3,11,0
617,3,0,162397000.0,1,1,31,85000,1000,16000,2000,1000,2000,0,0,0,1,1,0,0,0,0,0,0,3,11,0
618,1,3,54162000.0,1,1,31,5000,6000,10000,6000,5000,10000,1,1,0,3,4,0,0,0,0,0,0,3,11,0
619,2,5,30522000.0,0,1,6,179000,8000,83000,19000,11000,26000,5,1,2,9,2,0,0,0,0,0,0,3,11,0
620,3,5,54456000.0,0,1,23,352000,0,27000,10000,0,15000,3,6,1,7,6,0,0,0,0,0,0,3,11,0
621,1,4,31632000.0,0,0,92,17000,8000,12000,11000,15000,32000,1,2,1,2,7,0,0,0,0,0,0,3,11,0
622,1,3,72298000.0,0,0,52,625000,35000,169000,58000,17000,35000,1,4,3,6,1,0,1,1,0,0,0,3,11,0
623,0,4,36975000.0,1,0,50,10000,6000,11000,0,4000,2000,1,1,0,3,7,0,0,0,0,0,0,3,11,0
624,0,5,72635000.0,0,0,54,390000,22000,323000,104000,35000,107000,1,6,8,6,3,0,0,0,1,0,0,3,11,0
625,1,5,13624000.0,1,0,93,10000,2000,15000,2000,1000,6000,2,2,0,3,6,0,0,0,0,0,0,3,11,0
626,1,4,84196000.0,0,1,56,215000,63000,507000,231000,31000,190000,1,8,4,7,3,0,0,0,0,0,0,3,11,0
627,1,0,70971000.0,0,1,28,1001000,17000,572000,93000,125000,17000,7,11,11,5,7,0,0,0,0,0,0,3,11,1
628,3,1,34487000.0,1,1,94,19000,18000,33000,24000,1000,8000,3,3,0,3,9,0,0,0,0,0,0,3,11,0
629,1,4,28769000.0,1,0,76,41000,5000,129000,10000,3000,3000,3,4,1,4,9,0,0,0,0,0,0,3,11,0
630,3,5,69084000.0,1,0,43,1181000,107000,199000,39000,30000,30000,2,7,3,13,8,0,0,0,0,0,0,3,11,0
631,3,0,65488000.0,0,0,46,603000,45000,207000,36000,18000,54000,1,3,4,6,1,0,0,0,0,0,0,3,11,0
632,0,5,62466000.0,0,1,13,129000,129000,259000,168000,121000,83000,5,6,3,12,4,0,0,0,0,0,0,3,11,0
633,0,4,32218000.0,0,0,27,10000,24000,15000,13000,1000,30000,1,2,1,3,7,1,0,0,0,0,0,3,11,1
634,1,4,83917000.0,0,0,12,514000,22000,732000,42000,198000,79000,1,6,7,7,3,0,0,0,0,0,0,3,11,1
635,1,1,46102000.0,2,1,3,14000,0,1000,0,0,1000,1,1,0,2,7,0,0,0,0,0,0,3,11,0
636,1,4,84574000.0,0,0,72,387000,20000,713000,38000,54000,163000,1,9,11,11,5,0,0,0,0,0,0,3,11,0
637,1,5,56181000.0,0,1,6,121000,103000,69000,8000,44000,48000,1,4,2,7,4,0,0,0,0,0,0,3,11,0
638,2,1,63120000.0,0,1,53,965000,69000,279000,54000,41000,69000,5,8,4,9,7,0,0,0,0,0,0,3,11,1
639,1,5,73691000.0,0,1,58,707000,21000,250000,85000,43000,73000,2,6,2,8,2,1,0,0,0,0,0,3,11,0
640,1,0,63381000.0,0,1,78,571000,50000,142000,33000,50000,159000,4,4,5,13,2,0,0,0,0,0,0,3,11,0
641,3,0,76140000.0,0,0,57,586000,66000,653000,17000,0,26000,1,5,9,6,2,0,0,0,0,0,0,3,11,0
642,3,1,62859000.0,0,1,37,1063000,89000,102000,16000,12000,25000,4,9,4,6,6,0,0,0,0,0,0,3,11,0
643,1,4,45906000.0,0,1,20,305000,3000,27000,4000,3000,144000,2,5,4,4,5,1,0,0,0,0,0,3,11,0
644,2,0,77632000.0,0,0,73,1200000,105000,758000,0,42000,147000,1,4,2,6,2,0,1,1,0,0,0,3,11,1
645,3,5,46463000.0,1,1,56,163000,2000,40000,8000,11000,11000,7,3,1,6,6,0,0,0,0,0,0,3,11,0
646,1,0,105471000.0,0,0,36,1009000,181000,104000,202000,21000,207000,0,9,8,13,3,0,0,1,1,0,0,3,11,1
647,2,1,55282000.0,1,0,9,125000,6000,73000,8000,4000,19000,1,3,1,6,4,0,0,0,0,0,0,3,11,0
648,2,5,78710000.0,0,1,42,721000,0,152000,119000,50000,50000,3,7,6,12,4,0,0,0,0,0,0,3,11,0
649,1,0,66886000.0,0,1,28,315000,4000,62000,41000,31000,146000,2,7,1,7,5,0,0,0,0,0,0,3,11,0
650,2,4,98777000.0,0,0,23,1000000,19000,711000,125000,115000,38000,0,4,6,9,1,0,1,0,0,0,0,3,11,0
651,1,0,29103000.0,1,0,38,16000,0,17000,6000,3000,6000,2,1,0,3,9,0,0,0,0,0,0,3,11,0
652,1,5,67445000.0,0,1,63,757000,80000,217000,29000,80000,11000,5,9,6,12,6,0,0,0,0,0,0,3,11,0
653,3,0,50616000.0,0,1,71,30000,2000,25000,0,1000,9000,1,1,1,4,2,0,0,0,0,0,0,3,11,0
654,1,1,49431000.0,0,1,9,219000,3000,100000,26000,0,17000,2,7,1,5,8,0,0,0,0,0,0,3,11,0
655,1,1,153924000.0,0,0,81,1000,1000,1000,1000,1000,1000,0,0,0,0,0,0,0,0,0,0,0,3,11,0
656,1,0,61278000.0,0,1,87,111000,3000,28000,2000,6000,15000,2,3,1,4,6,0,0,0,0,0,0,3,11,0
657,0,0,26490000.0,0,0,92,45000,47000,52000,21000,20000,25000,2,3,1,5,6,0,0,0,0,0,0,3,11,0
658,3,0,73059000.0,0,1,36,410000,112000,420000,0,82000,71000,1,9,3,13,4,0,0,0,0,0,0,3,11,0
659,3,4,46734000.0,1,2,86,100000,1000,39000,6000,1000,76000,4,3,2,3,6,1,0,0,0,0,0,3,11,0
660,1,0,56253000.0,0,1,83,509000,0,65000,7000,11000,5000,4,7,2,9,6,0,0,0,0,0,0,3,11,0
661,1,5,19986000.0,1,0,74,3000,6000,5000,0,2000,6000,1,0,0,3,7,0,0,0,0,0,0,3,11,0
662,1,3,58330000.0,0,1,87,445000,53000,213000,104000,98000,151000,1,6,4,13,4,0,0,0,0,0,0,3,11,0
663,4,5,25965000.0,0,0,29,2000,2000,11000,41000,7000,11000,1,2,0,3,8,0,0,0,0,0,0,3,11,0
664,2,0,14661000.0,0,0,88,4000,1000,11000,6000,2000,2000,1,1,0,3,6,0,0,0,0,0,0,3,11,0
665,1,5,18690000.0,0,0,77,6000,1000,7000,23000,4000,19000,1,1,1,2,8,0,0,0,0,0,0,3,11,0
666,3,0,45068000.0,0,1,25,14000,0,3000,0,0,3000,1,1,0,2,7,0,0,0,0,0,0,3,11,0
667,4,4,21063000.0,1,0,34,1000,10000,11000,19000,3000,15000,2,2,0,3,6,0,0,0,0,0,0,3,11,0
668,3,5,29187000.0,1,0,43,26000,0,6000,0,0,2000,1,1,0,3,8,0,0,0,0,0,0,3,11,0
669,0,5,54690000.0,1,1,76,111000,16000,37000,7000,9000,18000,3,3,1,5,3,0,0,0,0,0,0,3,11,0
670,3,5,59304000.0,0,1,81,418000,61000,428000,80000,51000,10000,3,7,8,10,5,0,0,0,0,0,0,3,11,0
671,2,4,59247000.0,0,2,87,327000,9000,122000,19000,14000,83000,5,5,2,9,6,0,0,0,0,0,0,3,11,0
672,1,3,66731000.0,0,1,33,371000,159000,194000,58000,106000,141000,4,4,3,6,3,0,0,0,0,0,0,3,11,0
673,1,5,77353000.0,0,1,38,275000,59000,107000,69000,101000,59000,2,6,4,8,4,0,0,0,0,0,0,3,11,0
674,3,4,52614000.0,0,1,63,789000,0,142000,12000,9000,38000,2,2,4,8,8,0,0,0,0,0,0,3,11,0
675,1,5,26751000.0,2,0,26,1000,1000,5000,0,3000,1000,1,1,0,2,8,0,0,0,0,0,0,3,11,0
676,3,5,81300000.0,0,1,17,1004000,12000,145000,32000,12000,36000,3,10,3,5,5,0,0,0,1,0,0,3,11,1
677,1,4,70337000.0,0,0,75,187000,81000,149000,25000,43000,91000,1,2,2,12,1,0,0,0,0,0,0,3,11,0
678,0,5,36145000.0,1,0,13,56000,4000,76000,17000,1000,18000,4,4,1,3,9,1,0,0,0,0,0,3,11,1
679,3,4,65295000.0,0,0,19,365000,32000,117000,34000,110000,6000,1,3,3,13,2,0,0,0,0,0,0,3,11,0
680,1,1,68118000.0,0,1,51,595000,23000,123000,10000,23000,154000,2,8,9,4,6,0,0,0,0,0,0,3,11,0
681,1,1,68743000.0,0,0,81,1132000,134000,384000,175000,134000,115000,1,11,5,13,7,0,0,0,0,0,0,3,11,0
682,0,0,41039000.0,0,0,32,34000,11000,137000,179000,61000,45000,1,8,1,5,8,0,0,0,0,0,0,3,11,0
683,1,0,38946000.0,0,1,84,116000,6000,82000,6000,6000,41000,2,3,1,6,5,0,0,0,0,0,0,3,11,0
684,1,0,65777000.0,0,0,87,565000,32000,435000,28000,32000,54000,1,2,8,6,1,0,0,0,0,0,0,3,11,0
685,3,1,66476000.0,0,1,99,372000,18000,126000,47000,48000,78000,2,5,2,11,4,0,0,0,0,0,0,3,11,0
686,3,4,86857000.0,0,0,96,899000,102000,838000,133000,102000,40000,1,5,6,10,2,0,0,0,0,0,0,3,11,1
687,3,5,160803000.0,0,0,21,55000,16000,1622000,17000,3000,4000,15,0,28,1,0,0,0,0,0,0,0,3,11,0
688,3,0,77845000.0,0,0,40,760000,40000,480000,0,40000,26000,1,3,5,12,1,0,0,1,1,0,0,3,11,0
689,3,0,69476000.0,0,0,3,260000,86000,559000,63000,9000,67000,1,4,6,4,2,0,0,0,0,0,0,3,11,0
690,3,1,50611000.0,0,1,98,459000,0,24000,6000,0,4000,6,4,5,7,6,0,1,0,0,0,0,3,11,1
691,1,4,61209000.0,0,0,73,466000,0,224000,119000,49000,99000,1,5,3,4,2,0,0,0,0,0,0,3,11,0
692,2,0,42315000.0,0,1,90,67000,15000,80000,17000,11000,80000,3,1,4,4,3,0,0,0,0,0,0,3,11,0
693,4,0,13084000.0,0,0,29,2000,0,7000,3000,7000,10000,1,1,0,3,6,0,0,0,0,0,0,3,11,0
694,2,3,47570000.0,1,1,3,67000,1000,20000,0,2000,31000,3,2,2,2,7,0,0,0,0,0,0,3,11,1
695,2,5,61923000.0,0,2,94,92000,4000,18000,3000,3000,6000,1,2,1,4,3,0,0,0,0,0,0,3,11,0
696,1,4,34824000.0,0,0,65,4000,2000,11000,2000,0,4000,1,1,0,2,6,0,0,0,0,0,0,3,11,0
697,3,4,26518000.0,1,1,33,20000,1000,28000,3000,3000,2000,3,2,0,3,8,0,0,0,0,0,0,3,11,1
698,1,4,45938000.0,0,0,46,273000,11000,178000,62000,83000,29000,2,8,4,6,6,0,0,0,0,0,0,3,11,0
699,1,0,78468000.0,0,0,29,434000,22000,388000,104000,22000,34000,1,10,7,10,4,0,0,0,1,0,0,3,11,0
700,1,1,78901000.0,0,1,99,321000,11000,309000,33000,26000,34000,3,9,3,5,4,0,0,0,0,0,0,3,11,0
701,1,5,71427000.0,2,0,26,212000,123000,177000,15000,64000,23000,2,8,2,8,4,0,0,0,0,0,0,3,11,0
702,1,1,71022000.0,0,1,30,909000,12000,278000,0,12000,242000,3,5,2,11,8,1,0,0,0,0,0,3,11,0
703,2,4,90247000.0,0,0,27,1184000,32000,352000,21000,16000,16000,1,3,4,7,1,0,1,1,1,0,0,3,11,1
704,2,1,41335000.0,1,0,24,112000,19000,21000,16000,14000,5000,3,4,1,4,7,0,0,0,0,0,0,3,11,0
705,1,5,71952000.0,1,0,93,656000,80000,455000,52000,107000,93000,2,8,4,8,4,1,0,1,0,0,0,3,11,0
706,3,1,35682000.0,1,0,34,23000,0,8000,6000,2000,18000,1,1,1,3,2,0,0,0,0,0,0,3,11,0
707,1,1,43185000.0,0,1,88,537000,6000,42000,16000,6000,30000,2,9,3,6,8,0,0,0,0,0,0,3,11,0
708,3,0,66375000.0,0,1,96,712000,0,45000,0,0,191000,3,2,4,5,7,1,0,0,0,0,0,3,11,0
709,2,5,35178000.0,1,0,10,23000,1000,13000,2000,2000,18000,1,1,1,2,7,1,0,0,0,0,0,3,11,1
710,1,5,25252000.0,1,0,26,1000,3000,4000,2000,2000,6000,1,1,0,2,8,0,0,0,0,0,0,3,11,0
711,2,4,55250000.0,0,1,49,664000,58000,83000,32000,0,66000,4,7,5,10,5,0,0,0,0,0,0,3,11,0
712,1,4,33249000.0,1,0,11,6000,10000,21000,19000,14000,42000,2,2,1,3,6,0,0,0,0,0,0,3,11,0
713,1,0,58398000.0,0,0,44,299000,5000,201000,21000,21000,49000,3,5,4,8,4,0,0,0,0,0,0,3,11,0
714,1,0,50272000.0,1,0,75,99000,13000,66000,43000,8000,4000,3,4,1,5,7,0,0,0,0,0,0,3,11,0
715,3,5,76618000.0,0,0,64,749000,40000,294000,121000,160000,147000,1,3,2,5,1,0,0,0,0,0,0,3,11,0
716,0,1,87305000.0,0,0,19,345000,25000,501000,63000,138000,80000,1,5,3,8,2,0,0,1,0,0,0,3,11,1
717,1,0,25851000.0,1,0,45,9000,4000,18000,7000,5000,5000,2,2,0,3,7,0,0,0,0,0,0,3,11,0
718,1,1,58710000.0,0,1,77,440000,81000,368000,0,122000,174000,6,11,5,9,6,0,0,0,0,0,0,3,11,0
719,1,4,45160000.0,1,1,9,8000,2000,5000,3000,0,3000,1,1,0,2,7,0,0,0,0,0,0,3,11,0
720,2,5,74806000.0,0,1,1,670000,9000,249000,0,28000,9000,2,5,4,5,4,0,0,0,0,0,0,3,11,0
721,1,5,59111000.0,0,0,90,524000,0,134000,28000,28000,155000,1,11,1,8,7,0,0,0,0,0,0,3,11,0
722,3,5,18988000.0,1,0,43,6000,0,6000,2000,1000,1000,2,1,0,3,7,0,0,0,0,0,0,3,11,0
723,1,5,72190000.0,0,0,79,597000,166000,597000,172000,166000,249000,1,5,6,4,3,0,0,0,0,0,0,3,11,0
724,1,5,7500000.0,1,0,19,7000,0,12000,13000,7000,32000,5,4,1,2,9,1,0,0,0,0,0,3,11,1
725,1,5,44794000.0,0,1,99,54000,0,7000,0,0,4000,1,2,0,3,6,0,0,0,0,0,0,3,11,0
726,1,5,80395000.0,0,0,62,445000,25000,706000,80000,76000,48000,1,6,5,12,2,0,0,0,1,0,0,3,11,0
727,2,1,75012000.0,0,0,41,294000,142000,218000,164000,58000,151000,1,3,8,11,1,0,0,0,0,0,0,3,11,0
728,2,5,56962000.0,2,1,60,292000,3000,77000,10000,3000,26000,7,6,3,5,7,0,0,0,0,0,0,3,11,0
729,1,0,89891000.0,0,0,17,412000,22000,132000,59000,28000,183000,1,11,6,8,4,0,0,1,0,0,0,3,11,0
730,3,1,35946000.0,1,1,24,8000,0,3000,0,0,0,1,0,0,3,5,0,0,0,0,0,0,3,11,0
731,3,0,53593000.0,1,1,60,349000,4000,78000,6000,0,43000,8,7,2,6,8,0,0,0,0,0,0,3,11,0
732,1,5,66373000.0,1,1,57,328000,9000,124000,12000,24000,109000,7,4,2,10,3,0,0,0,0,0,0,3,11,0
733,3,1,45072000.0,1,2,74,144000,2000,99000,7000,2000,30000,5,6,1,4,8,0,0,0,0,0,0,3,11,0
734,1,1,89694000.0,1,1,22,1126000,28000,211000,37000,28000,42000,3,4,3,4,5,0,1,1,1,0,0,3,11,0
735,1,5,72025000.0,0,0,46,967000,0,617000,43000,50000,0,1,4,8,13,2,0,1,1,1,0,0,3,11,1
736,1,5,67432000.0,0,1,69,432000,79000,341000,177000,136000,170000,2,8,5,4,4,0,0,0,0,0,0,3,11,0
737,2,0,70545000.0,0,1,29,138000,39000,63000,55000,18000,21000,1,4,1,7,2,0,0,0,0,0,0,3,11,0
738,4,5,17487000.0,1,0,37,0,0,1000,7000,4000,6000,1,1,0,2,7,0,0,0,0,0,0,3,11,0
739,1,0,62882000.0,0,1,26,509000,133000,497000,78000,24000,97000,2,7,5,6,4,0,0,0,0,0,0,3,11,0
740,3,4,64108000.0,0,1,8,948000,10000,86000,13000,21000,21000,4,6,9,11,5,0,0,0,0,0,0,3,11,0
741,2,0,34941000.0,1,1,26,39000,2000,25000,4000,3000,24000,2,3,0,3,8,0,0,0,0,0,0,3,11,0
742,3,4,48767000.0,1,2,79,28000,1000,21000,3000,0,10000,3,2,1,3,5,0,0,0,0,0,0,3,11,0
743,0,0,38702000.0,1,0,71,13000,11000,24000,13000,8000,40000,2,3,0,4,6,0,0,0,0,0,0,3,11,0
744,1,5,82224000.0,0,0,83,307000,26000,360000,138000,31000,40000,1,6,9,5,3,0,0,0,1,0,0,3,11,0
745,1,0,83844000.0,0,0,57,901000,31000,345000,75000,31000,191000,1,4,4,11,1,0,0,1,0,0,0,3,11,0
746,0,5,17003000.0,1,0,37,2000,5000,12000,4000,8000,7000,3,2,0,4,5,0,0,0,0,0,0,3,11,0
747,1,4,71163000.0,0,0,30,283000,17000,372000,138000,106000,44000,1,3,8,12,1,0,0,0,0,0,0,3,11,0
748,1,4,33697000.0,1,0,34,4000,3000,7000,0,3000,11000,1,1,0,2,7,1,0,0,0,0,0,3,11,0
749,0,5,63564000.0,0,0,0,769000,80000,252000,15000,34000,65000,1,10,10,7,6,1,0,0,0,0,0,3,11,1
750,3,0,83443000.0,0,0,89,518000,42000,742000,55000,56000,84000,1,6,10,5,2,0,0,0,0,0,0,3,11,0
751,3,0,51518000.0,0,1,92,350000,8000,66000,17000,4000,4000,2,3,2,10,3,0,0,0,0,0,0,3,11,0
752,1,3,58330000.0,0,1,87,445000,53000,213000,104000,98000,151000,1,6,4,13,4,0,0,0,0,0,0,3,11,0
753,1,5,80952000.0,0,0,20,778000,178000,689000,41000,27000,44000,1,8,5,11,8,0,1,1,1,0,0,3,11,1
754,1,0,75507000.0,0,0,56,709000,93000,374000,104000,80000,80000,1,8,6,6,3,0,0,0,0,0,0,3,11,0
755,0,0,63855000.0,0,0,28,359000,35000,314000,93000,116000,89000,1,7,3,13,4,0,0,0,0,0,0,3,11,0
756,3,0,62220000.0,0,1,55,799000,12000,375000,16000,12000,12000,5,7,6,5,6,0,0,0,0,0,0,3,11,1
757,1,5,58512000.0,0,1,25,895000,10000,101000,13000,0,152000,5,3,4,8,8,0,0,0,0,0,0,3,11,0
758,2,5,40662000.0,1,0,0,40000,2000,23000,0,4000,23000,2,2,1,3,4,0,0,0,0,0,0,3,11,0
759,3,5,38829000.0,0,1,86,76000,0,7000,0,0,16000,1,3,2,2,5,0,0,0,0,0,0,3,11,0
760,0,5,35523000.0,1,0,8,11000,5000,22000,12000,5000,11000,2,3,0,3,7,0,0,0,0,0,0,3,11,0
761,1,4,79146000.0,1,1,33,245000,16000,223000,21000,43000,16000,2,8,1,8,6,0,0,0,0,0,0,3,11,0
762,2,5,78285000.0,0,0,13,647000,107000,391000,175000,67000,40000,1,6,4,10,3,0,0,0,0,0,0,3,11,0
763,3,4,31626000.0,1,0,12,39000,1000,9000,2000,1000,34000,1,2,1,2,7,1,0,0,0,0,0,3,11,1
764,1,4,75127000.0,0,0,92,203000,35000,305000,46000,17000,227000,1,2,11,5,1,0,0,0,0,0,0,3,11,0
765,1,5,48726000.0,0,1,90,138000,3000,38000,4000,0,59000,3,3,2,4,6,0,0,0,0,0,0,3,11,0
766,1,5,74985000.0,0,0,8,587000,51000,898000,247000,0,86000,1,3,6,7,2,0,0,0,0,0,0,3,11,0
767,1,0,67430000.0,0,0,6,595000,97000,291000,127000,133000,121000,1,11,5,12,6,0,0,0,0,0,0,3,11,0
768,0,5,46891000.0,0,1,91,43000,12000,23000,29000,15000,61000,1,2,1,4,4,0,0,0,0,0,0,3,11,0
769,2,5,62058000.0,0,1,52,301000,7000,74000,10000,0,58000,4,6,1,7,6,0,0,0,0,0,0,3,11,0
770,1,5,72063000.0,0,1,3,180000,32000,348000,76000,32000,90000,2,5,2,12,2,0,0,0,0,0,0,3,11,0
771,3,5,78939000.0,0,0,57,794000,115000,243000,150000,0,205000,1,8,5,6,3,0,0,0,0,0,0,3,11,0
772,1,4,42720000.0,1,1,9,392000,5000,91000,28000,26000,112000,8,7,3,7,8,0,0,0,0,0,0,3,11,1
773,1,5,33622000.0,1,1,22,39000,1000,22000,3000,4000,12000,3,2,0,4,7,0,0,0,0,0,0,3,11,0
774,3,0,6835000.0,0,1,76,107000,2000,12000,2000,2000,12000,0,0,0,1,20,0,0,0,0,0,0,3,11,0
775,1,0,41452000.0,1,1,86,13000,0,3000,0,0,0,1,1,0,2,7,0,0,0,0,0,0,3,11,0
776,3,4,40760000.0,0,1,64,70000,0,17000,0,0,6000,2,2,1,3,6,0,0,0,0,0,0,3,11,0
777,3,0,74250000.0,0,0,90,680000,11000,392000,75000,0,0,1,2,11,4,1,0,0,0,0,0,0,3,11,0
778,2,4,51124000.0,1,1,79,26000,1000,11000,0,1000,4000,2,1,0,3,3,0,0,0,0,0,0,3,11,0
779,1,4,72258000.0,0,1,28,522000,0,522000,227000,120000,134000,2,6,9,5,2,0,0,0,0,0,0,3,11,0
780,3,4,71466000.0,0,0,86,412000,12000,546000,78000,182000,0,1,4,4,10,1,0,0,0,0,0,0,3,11,0
781,1,0,36283000.0,1,1,42,6000,5000,5000,8000,0,5000,2,1,0,3,4,0,0,0,0,0,0,3,11,0
782,1,4,20587000.0,1,0,39,2000,3000,6000,4000,1000,9000,1,1,1,2,7,0,0,0,0,0,0,3,11,0
783,1,5,30467000.0,1,0,8,1000,3000,8000,2000,5000,5000,1,1,0,2,7,0,0,0,0,0,0,3,11,0
784,1,0,31590000.0,1,0,40,6000,2000,15000,6000,6000,3000,1,1,0,3,8,0,0,0,0,0,0,3,11,0
785,4,5,20425000.0,1,0,5,4000,12000,5000,3000,16000,17000,2,2,0,3,7,0,0,0,0,0,0,3,11,0
786,2,0,17144000.0,1,1,96,18000,2000,19000,0,2000,6000,5,3,0,4,7,0,0,0,0,0,0,3,11,0
787,3,1,42564000.0,0,1,28,324000,48000,186000,39000,18000,198000,6,6,8,4,7,1,0,0,0,0,0,3,11,1
788,2,5,43783000.0,1,0,22,327000,9000,125000,25000,4000,139000,6,7,1,8,7,1,0,0,0,0,0,3,11,0
789,1,1,40780000.0,0,1,30,229000,27000,71000,13000,3000,34000,4,7,1,5,9,0,0,0,0,0,0,3,11,0
790,2,0,62847000.0,0,0,45,521000,168000,706000,80000,76000,61000,1,3,6,4,2,0,0,0,0,0,0,3,11,0
791,3,5,82017000.0,0,0,58,184000,23000,446000,30000,23000,23000,1,5,4,7,2,0,1,1,1,0,0,3,11,1
792,1,4,16813000.0,0,0,49,4000,8000,11000,12000,2000,13000,1,2,0,3,7,1,0,0,0,0,0,3,11,0
793,1,5,51267000.0,1,1,37,183000,2000,64000,7000,2000,12000,4,3,3,5,4,0,0,0,0,0,0,3,11,0
794,1,4,46524000.0,0,1,70,31000,19000,35000,26000,14000,52000,2,1,1,5,3,0,0,0,0,0,0,3,11,0
795,2,4,45183000.0,0,0,33,219000,3000,60000,12000,9000,12000,1,4,1,7,7,0,1,0,0,0,0,3,11,0
796,3,5,70421000.0,0,1,98,479000,28000,136000,75000,14000,35000,3,10,3,7,6,0,0,0,0,0,0,3,11,0
797,0,1,60161000.0,0,1,17,584000,44000,212000,46000,8000,177000,3,11,4,8,8,0,0,0,0,0,0,3,11,0
798,1,0,73926000.0,0,0,54,627000,91000,597000,159000,91000,15000,1,6,5,12,3,0,0,0,0,0,0,3,11,0
799,1,5,19329000.0,1,0,39,24000,1000,16000,12000,2000,5000,3,4,0,3,8,0,0,0,0,0,0,3,11,0
800,2,5,61872000.0,0,1,81,330000,5000,159000,36000,27000,16000,4,4,4,9,4,0,0,0,0,0,0,3,11,0
801,1,3,46984000.0,1,1,71,19000,1000,10000,2000,1000,8000,1,1,0,3,5,0,0,0,0,0,0,3,11,0
802,1,5,34838000.0,1,1,62,28000,23000,29000,29000,14000,47000,3,2,1,4,6,0,0,0,0,0,0,3,11,0
803,3,4,82716000.0,0,0,8,606000,148000,228000,15000,148000,22000,1,6,8,13,2,0,0,0,0,0,0,3,11,0
804,1,5,48192000.0,0,0,76,1039000,43000,204000,153000,58000,29000,3,2,8,12,8,0,1,0,1,1,0,3,11,1
805,2,5,49681000.0,0,2,66,411000,0,26000,0,0,21000,6,7,1,7,7,0,0,0,0,0,0,3,11,0
806,2,5,56850000.0,0,1,83,34000,1000,19000,2000,7000,0,1,1,1,3,2,0,0,0,0,0,0,3,11,0
807,1,5,55267000.0,0,1,28,161000,28000,136000,32000,3000,45000,4,3,4,6,3,0,0,0,0,0,0,3,11,0
808,1,5,59666000.0,1,1,87,623000,53000,178000,23000,17000,133000,7,3,2,8,8,0,1,0,0,0,0,3,11,0
809,1,4,72504000.0,0,1,43,604000,26000,470000,123000,161000,94000,2,5,9,6,2,0,0,0,0,0,0,3,11,0
810,1,5,26872000.0,0,0,0,3000,10000,8000,3000,16000,32000,1,1,1,2,6,0,0,0,0,0,0,3,11,0
811,1,4,21359000.0,1,0,1,12000,2000,17000,6000,1000,10000,2,2,0,3,8,0,0,0,0,0,0,3,11,1
812,1,4,73170000.0,0,0,1,184000,174000,256000,50000,30000,32000,1,5,4,6,2,0,0,0,0,0,0,3,11,0
813,2,5,52750000.0,0,1,72,393000,0,239000,90000,69000,69000,6,5,7,9,4,0,0,0,0,0,0,3,11,0
814,3,0,91820000.0,0,0,72,410000,73000,747000,76000,161000,30000,0,5,5,12,1,0,0,0,0,0,0,3,11,0
815,3,0,65968000.0,0,1,12,376000,9000,83000,19000,4000,4000,2,5,4,7,3,0,0,0,0,0,0,3,11,0
816,1,5,30772000.0,1,1,89,7000,2000,4000,2000,1000,4000,1,1,0,2,6,0,0,0,0,0,0,3,11,0
817,1,4,22507000.0,0,0,67,68000,0,226000,51000,157000,68000,3,10,2,4,9,0,0,0,0,0,0,3,11,0
818,1,5,65685000.0,0,1,54,642000,14000,49000,0,7000,57000,1,9,2,9,5,0,0,0,0,0,0,3,11,0
819,0,5,25804000.0,1,0,34,8000,7000,9000,13000,6000,12000,2,2,0,3,8,0,0,0,0,0,0,3,11,0
820,3,4,76412000.0,0,0,15,840000,53000,804000,23000,71000,17000,1,5,4,8,3,0,0,1,1,0,0,3,11,1
821,1,5,22063000.0,1,0,43,7000,10000,13000,3000,11000,11000,2,2,0,3,7,0,0,0,0,0,0,3,11,0
822,1,4,57091000.0,0,0,0,464000,5000,64000,7000,0,37000,1,7,3,7,5,0,0,0,0,1,0,3,11,1
823,1,5,22419000.0,0,0,74,30000,3000,47000,19000,21000,42000,1,3,2,2,8,0,0,0,0,0,0,3,11,0
824,1,0,87771000.0,0,1,61,1492000,38000,287000,50000,57000,33000,1,5,10,4,6,0,1,1,1,1,0,3,11,1
825,0,1,78353000.0,0,1,51,752000,122000,476000,39000,153000,34000,1,10,2,11,8,0,0,0,0,0,0,3,11,0
826,1,5,93404000.0,1,2,97,1279000,15000,287000,20000,0,15000,3,3,4,7,5,0,1,1,0,0,0,3,11,0
827,1,1,37859000.0,1,2,75,22000,1000,8000,2000,1000,2000,2,1,0,3,8,0,0,0,0,0,0,3,11,0
828,3,3,80995000.0,0,1,83,860000,28000,409000,73000,56000,56000,1,8,9,4,4,0,0,0,0,0,0,3,11,0
829,1,0,16529000.0,1,0,23,3000,0,5000,13000,0,1000,1,1,0,3,6,0,0,0,0,0,0,3,11,0
830,3,1,55412000.0,1,1,65,10000,5000,28000,11000,1000,8000,1,2,0,3,5,0,0,0,0,0,0,3,11,0
831,1,4,48789000.0,0,0,94,351000,16000,156000,7000,5000,145000,1,6,4,7,6,0,0,0,0,0,0,3,11,0
832,3,0,56575000.0,0,2,42,421000,5000,90000,0,16000,10000,3,7,3,7,5,0,0,0,0,0,0,3,11,0
833,0,0,25130000.0,1,0,10,2000,5000,7000,0,18000,18000,2,2,0,3,7,0,0,0,0,0,0,3,11,0
834,1,5,35441000.0,1,1,94,25000,1000,9000,2000,1000,1000,2,1,0,3,8,0,0,0,0,0,0,3,11,0
835,1,5,71391000.0,0,1,50,336000,123000,274000,46000,123000,141000,5,6,5,12,3,0,0,0,0,0,0,3,11,0
836,2,4,49494000.0,1,0,46,191000,9000,97000,0,6000,82000,2,6,1,5,7,0,0,0,0,0,0,3,11,0
837,1,1,81702000.0,0,0,98,563000,50000,774000,28000,31000,187000,1,7,7,12,3,0,0,0,0,0,0,3,11,0
838,0,4,45889000.0,0,1,42,31000,0,6000,0,1000,8000,1,1,0,3,6,0,0,0,0,0,0,3,11,0
839,1,4,56628000.0,0,1,30,479000,5000,82000,7000,17000,171000,2,7,6,5,5,1,0,0,0,0,0,3,11,0
840,1,0,34026000.0,1,1,11,18000,6000,15000,12000,8000,17000,3,2,1,3,5,0,0,0,0,0,0,3,11,0
841,1,5,40049000.0,0,1,61,91000,65000,52000,10000,44000,28000,3,3,2,6,5,0,0,0,0,0,0,3,11,0
842,1,4,34176000.0,1,0,12,5000,7000,24000,19000,14000,20000,4,3,0,4,6,0,0,0,0,0,0,3,11,0
843,1,5,19419000.0,1,0,76,2000,14000,28000,16000,3000,7000,4,4,0,3,9,0,0,0,0,0,0,3,11,0
844,0,5,82504000.0,0,0,2,362000,50000,431000,134000,35000,54000,1,3,6,7,1,0,0,0,0,0,0,3,11,0
845,1,0,81205000.0,0,0,43,724000,74000,929000,97000,55000,130000,1,5,6,7,2,1,0,1,0,1,0,3,11,1
846,0,4,61618000.0,0,0,27,605000,91000,399000,0,45000,205000,2,3,6,8,3,0,0,0,0,0,0,3,11,0
847,2,4,55284000.0,0,1,60,547000,7000,140000,0,7000,63000,3,7,5,8,5,0,0,0,0,0,0,3,11,0
848,1,4,49980000.0,0,1,79,104000,1000,54000,13000,9000,14000,2,3,1,5,5,0,0,0,0,0,0,3,11,0
849,1,5,15072000.0,2,0,96,8000,2000,15000,0,10000,18000,4,3,1,3,5,0,0,0,0,0,0,3,11,0
850,1,4,49166000.0,0,1,17,224000,2000,25000,7000,0,110000,2,5,3,3,6,0,0,0,0,0,0,3,11,0
851,3,5,65324000.0,0,1,0,384000,0,102000,21000,32000,5000,3,6,2,9,4,0,0,0,0,0,0,3,11,0
852,0,5,82347000.0,0,0,38,556000,54000,845000,202000,133000,63000,1,7,7,10,3,1,0,0,1,0,0,3,11,0
853,3,0,30843000.0,1,1,43,24000,0,2000,0,0,9000,2,1,1,2,5,1,0,0,0,0,0,3,11,0
854,3,5,46374000.0,0,1,1,408000,0,21000,0,0,17000,3,7,1,7,8,0,1,0,1,0,0,3,11,1
855,1,4,60474000.0,0,1,25,265000,199000,303000,234000,9000,170000,7,10,2,12,7,0,0,0,0,0,0,3,11,0
856,2,5,38576000.0,0,1,2,34000,0,7000,0,0,0,1,1,0,3,7,0,0,0,0,0,0,3,11,0
857,1,5,55357000.0,2,0,66,374000,64000,116000,84000,25000,64000,3,6,2,11,5,0,0,0,0,0,0,3,11,0
858,1,0,37758000.0,1,1,49,27000,2000,10000,0,0,1000,2,1,0,3,8,0,0,0,0,0,0,3,11,0
859,0,5,85710000.0,0,0,5,600000,20000,350000,29000,30000,33000,1,6,9,10,2,0,0,1,0,0,0,3,11,0
860,1,0,23228000.0,1,0,71,13000,2000,18000,6000,1000,0,2,2,0,3,8,0,0,0,0,0,0,3,11,0
861,2,0,44602000.0,1,1,35,167000,2000,89000,0,0,34000,6,6,1,4,8,0,0,0,0,0,0,3,11,0
862,1,5,7500000.0,0,0,94,0,2000,3000,4000,1000,5000,1,0,0,3,6,0,0,0,0,0,0,3,11,0
863,0,0,38683000.0,1,0,80,46000,35000,69000,84000,41000,66000,6,4,1,6,7,0,0,0,0,0,0,3,11,0
864,0,4,49514000.0,1,0,61,88000,39000,78000,58000,13000,93000,2,6,1,4,7,0,0,0,0,0,0,3,11,0
865,3,0,57906000.0,0,1,29,243000,11000,119000,10000,3000,15000,3,4,2,8,4,0,0,0,0,0,0,3,11,0
866,2,4,43456000.0,0,1,0,275000,11000,68000,25000,7000,7000,3,5,1,8,5,0,0,0,0,0,0,3,11,0
867,2,4,19485000.0,2,0,80,6000,0,4000,0,0,0,1,1,0,2,7,0,0,0,0,0,0,3,11,0
868,1,0,53172000.0,0,1,54,121000,62000,90000,68000,20000,125000,3,2,3,8,3,0,0,0,0,0,0,3,11,0
869,1,0,30545000.0,1,0,71,4000,12000,15000,19000,7000,12000,2,2,0,3,7,0,0,0,0,0,0,3,11,0
870,3,0,70123000.0,0,0,27,1308000,0,396000,23000,0,0,1,5,7,4,3,0,1,0,0,1,0,3,11,0
871,1,4,62450000.0,0,1,61,515000,47000,267000,62000,66000,38000,2,5,5,4,3,0,1,0,0,0,0,3,11,0
872,1,0,21675000.0,1,0,55,4000,0,16000,17000,4000,4000,3,4,0,3,7,0,0,0,0,0,0,3,11,0
873,0,4,42395000.0,1,1,35,48000,13000,57000,24000,15000,25000,4,3,1,4,7,0,0,0,0,0,0,3,11,0
874,2,0,61346000.0,1,0,34,562000,58000,168000,43000,16000,142000,1,5,7,10,3,0,0,0,0,0,0,3,11,0
875,1,0,80812000.0,0,0,95,769000,22000,500000,210000,143000,33000,1,4,8,5,2,1,0,1,1,0,0,3,11,0
876,2,1,42835000.0,1,1,64,379000,4000,93000,12000,9000,98000,7,6,6,4,6,0,0,0,0,0,0,3,11,0
877,1,5,39922000.0,1,0,30,29000,12000,59000,19000,1000,36000,2,3,0,4,8,0,0,0,0,0,0,3,11,0
878,2,4,86424000.0,0,0,12,387000,68000,569000,89000,45000,68000,1,6,9,12,1,0,0,0,0,0,0,3,11,0
879,0,0,17117000.0,1,0,96,12000,23000,38000,30000,18000,7000,4,3,1,3,9,0,0,0,0,0,0,3,11,0
880,1,4,24762000.0,1,0,16,6000,10000,12000,3000,15000,40000,3,3,1,2,8,1,0,0,0,0,0,3,11,1
881,1,5,35797000.0,0,1,16,27000,1000,14000,4000,1000,21000,2,2,0,3,8,0,0,0,0,0,0,3,11,0
882,1,1,36627000.0,2,0,78,9000,1000,5000,0,0,1000,1,0,0,3,5,0,0,0,0,0,0,3,11,0
883,0,5,51111000.0,1,1,83,22000,0,19000,6000,5000,3000,2,2,0,3,6,0,0,0,0,0,0,3,11,0
884,3,4,86857000.0,0,0,96,899000,102000,838000,133000,102000,40000,1,5,6,10,2,0,0,0,0,0,0,3,11,1
885,3,0,82072000.0,0,0,67,889000,55000,685000,168000,92000,129000,1,3,2,13,1,0,0,0,0,0,0,3,11,0
886,3,4,46231000.0,2,1,87,189000,2000,55000,0,5000,12000,4,6,1,4,9,0,0,0,0,0,0,3,11,0
887,1,5,42243000.0,1,1,34,48000,0,2000,0,0,5000,2,2,0,3,7,0,0,0,0,0,0,3,11,0
888,1,0,51195000.0,1,1,46,230000,14000,156000,82000,24000,58000,8,9,2,5,8,0,0,0,0,0,0,3,11,0
889,2,4,68092000.0,0,0,7,852000,60000,207000,78000,36000,48000,2,2,6,10,5,0,0,0,0,0,0,3,11,0
890,1,5,31814000.0,1,0,73,35000,3000,20000,4000,1000,20000,2,2,0,3,9,1,0,0,0,0,0,3,11,0
891,2,3,51390000.0,1,1,54,205000,20000,47000,23000,2000,56000,6,5,2,5,5,0,0,0,0,0,0,3,11,0
892,1,5,76630000.0,0,0,93,255000,31000,446000,40000,56000,175000,1,3,10,11,1,0,0,0,0,0,0,3,11,0
893,4,4,26868000.0,1,0,52,0,0,1000,8000,3000,2000,1,1,0,2,7,0,0,0,0,0,0,3,11,0
894,3,1,48948000.0,0,0,53,437000,8000,206000,160000,49000,42000,2,7,10,5,6,1,0,0,0,0,0,3,11,1
895,3,4,55260000.0,0,1,81,825000,8000,53000,11000,0,242000,2,8,10,5,6,0,0,0,0,0,0,3,11,0
896,1,0,64090000.0,0,1,8,316000,58000,161000,76000,51000,135000,1,6,9,4,5,0,0,0,0,0,0,3,11,1
897,1,1,78331000.0,0,1,97,756000,138000,354000,160000,169000,61000,2,10,6,7,4,0,0,0,0,0,0,3,11,0
898,3,5,37087000.0,1,0,50,194000,55000,134000,15000,0,3000,3,4,2,8,6,0,0,0,0,0,0,3,11,0
899,1,1,21846000.0,1,0,38,7000,17000,18000,6000,10000,26000,4,4,0,3,8,0,0,0,0,0,0,3,11,0
900,1,5,81320000.0,0,0,61,183000,33000,493000,59000,103000,57000,1,4,3,10,2,0,0,0,0,0,0,3,11,0
901,1,1,54137000.0,0,1,46,171000,0,11000,0,1000,20000,2,4,1,4,6,0,0,0,0,0,0,3,11,0
902,1,0,66825000.0,0,0,73,243000,101000,405000,29000,40000,40000,1,4,5,6,2,0,0,0,0,0,0,3,11,0
903,1,0,57100000.0,0,0,19,181000,21000,69000,39000,3000,96000,1,3,3,6,3,0,0,0,0,0,0,3,11,0
904,1,0,58917000.0,1,2,10,151000,7000,89000,0,7000,28000,5,4,1,6,5,0,0,0,0,0,0,3,11,0
905,1,4,85072000.0,0,0,94,494000,92000,391000,194000,11000,241000,1,3,4,10,0,0,0,0,0,0,0,3,11,0
906,1,4,86429000.0,0,0,10,464000,28000,873000,29000,18000,37000,0,7,4,7,2,0,0,0,1,0,0,3,11,1
907,1,3,45684000.0,1,0,37,5000,1000,5000,10000,0,7000,1,1,0,2,7,0,0,0,0,0,0,3,11,0
908,1,0,47889000.0,1,0,94,29000,0,29000,0,5000,4000,1,2,0,3,5,0,0,0,0,0,0,3,11,0
909,3,5,45921000.0,0,0,23,102000,9000,49000,24000,3000,12000,1,2,1,6,4,0,0,0,0,0,0,3,11,0
910,3,4,78420000.0,0,0,75,604000,28000,674000,91000,28000,28000,1,3,10,8,1,0,0,0,0,0,0,3,11,0
911,1,0,75114000.0,0,0,40,571000,12000,523000,63000,60000,24000,1,3,10,5,2,0,0,0,0,0,0,3,11,0
912,3,3,52278000.0,0,1,24,953000,0,71000,0,0,174000,6,10,5,10,8,0,0,0,0,0,0,3,11,1
913,2,5,35641000.0,1,0,11,63000,3000,67000,8000,9000,28000,2,3,1,4,7,0,0,0,0,0,0,3,11,1
914,1,4,95529000.0,0,0,29,770000,29000,890000,250000,27000,24000,1,7,3,7,3,0,0,1,0,0,0,3,11,1
915,1,5,62820000.0,0,0,51,398000,61000,265000,138000,61000,53000,1,3,4,6,1,0,0,0,0,0,0,3,11,0
916,2,0,73113000.0,0,0,86,741000,19000,154000,50000,9000,28000,1,3,4,7,2,0,0,0,0,0,0,3,11,0
917,3,5,84169000.0,0,0,9,1478000,19000,403000,0,19000,0,1,7,6,6,3,0,1,1,0,0,0,3,11,1
918,0,4,42607000.0,0,1,30,156000,29000,56000,30000,32000,47000,2,3,2,7,3,0,0,0,0,0,0,3,11,0
919,3,4,74637000.0,0,0,73,960000,64000,464000,146000,0,16000,1,6,9,9,3,0,0,0,1,0,0,3,11,0
920,3,0,46015000.0,1,1,25,38000,0,2000,0,0,6000,1,1,0,3,7,1,0,0,0,1,0,3,11,0
921,1,4,72354000.0,0,0,67,315000,26000,473000,220000,12000,182000,1,2,10,6,1,0,0,0,0,0,0,3,11,0
922,2,4,39858000.0,1,0,67,15000,20000,25000,2000,7000,26000,1,2,0,4,6,0,0,0,0,0,0,3,11,1
923,3,5,34469000.0,1,1,58,19000,6000,20000,0,5000,12000,3,1,1,4,4,0,0,0,0,0,0,3,11,0
924,1,0,83033000.0,1,0,82,812000,99000,431000,237000,149000,33000,1,11,4,10,5,0,0,0,1,0,0,3,11,0
925,2,0,24401000.0,0,0,98,73000,28000,217000,10000,24000,115000,3,6,1,6,8,0,0,0,0,0,0,3,11,0
926,1,5,77583000.0,0,0,93,372000,23000,384000,250000,12000,108000,1,4,5,9,2,0,0,0,1,0,0,3,11,0
927,0,4,74116000.0,0,0,53,871000,111000,704000,145000,55000,166000,1,4,4,10,2,0,1,0,0,0,0,3,11,0
928,1,4,74293000.0,0,0,66,375000,152000,335000,93000,91000,81000,1,5,4,6,2,0,0,0,0,0,0,3,11,0
929,3,5,68397000.0,0,1,6,760000,80000,466000,17000,13000,80000,1,6,9,5,3,0,0,0,0,0,0,3,11,0
930,3,0,79632000.0,0,0,42,471000,0,510000,99000,21000,12000,1,6,4,9,2,0,0,0,0,0,0,3,11,0
931,1,4,46107000.0,1,0,78,31000,9000,27000,16000,9000,33000,1,1,1,4,3,0,0,0,0,0,0,3,11,0
932,3,4,64950000.0,0,1,29,819000,0,72000,12000,0,63000,2,11,2,10,7,0,1,0,0,0,0,3,11,0
933,4,5,25443000.0,1,0,82,1000,4000,3000,8000,9000,7000,1,1,0,3,8,0,0,0,0,0,0,3,11,0
934,1,4,75127000.0,0,0,92,203000,35000,305000,46000,17000,227000,1,2,11,5,1,0,0,0,0,0,0,3,11,0
935,3,0,32892000.0,1,0,78,26000,0,15000,2000,1000,2000,2,3,0,3,8,0,0,0,0,0,0,3,11,0
936,1,0,71796000.0,0,0,54,354000,21000,311000,167000,75000,32000,1,9,3,4,4,0,0,0,0,0,0,3,11,0
937,3,5,67536000.0,0,1,45,1253000,0,447000,23000,71000,35000,3,11,5,11,8,0,0,0,1,0,0,3,11,0
938,1,4,55239000.0,0,1,59,371000,17000,238000,23000,24000,106000,3,7,5,11,5,0,0,0,0,0,0,3,11,0
939,3,1,60554000.0,1,0,8,588000,7000,76000,110000,15000,15000,2,8,4,9,6,0,0,0,0,0,0,3,11,0
940,0,4,64831000.0,1,1,51,480000,86000,249000,75000,86000,144000,8,6,3,5,6,0,0,0,0,0,0,3,11,0
941,3,0,56067000.0,0,1,51,517000,12000,54000,16000,6000,120000,2,7,4,7,5,0,0,0,0,0,0,3,11,0
942,1,1,82025000.0,0,0,76,267000,98000,606000,48000,70000,98000,1,3,2,6,1,0,0,1,0,0,0,3,11,1
943,1,0,94384000.0,0,0,62,1111000,24000,790000,160000,45000,172000,0,5,8,5,2,0,1,1,1,0,0,3,11,1
944,4,4,14906000.0,0,0,86,7000,7000,14000,7000,16000,15000,3,2,1,3,7,0,0,0,0,0,0,3,11,0
945,3,5,51563000.0,0,0,60,1166000,0,48000,0,0,36000,1,4,4,10,8,0,1,1,0,0,0,3,11,0
946,0,5,57937000.0,0,1,56,261000,42000,144000,55000,48000,133000,3,4,4,9,3,0,0,0,0,0,0,3,11,0
947,1,1,68274000.0,1,1,83,135000,25000,51000,23000,25000,46000,2,4,2,5,3,0,0,0,0,0,0,3,11,0
948,1,0,39771000.0,1,0,92,6000,2000,18000,2000,8000,14000,1,2,0,3,4,0,0,0,0,0,0,3,11,0
949,0,1,67893000.0,0,1,31,711000,28000,142000,49000,18000,47000,2,3,2,9,8,0,0,0,0,0,0,3,11,0
950,3,0,27922000.0,1,0,80,11000,0,13000,2000,4000,11000,1,2,0,3,4,0,0,0,0,0,0,3,11,0
951,3,0,52190000.0,1,1,39,42000,0,17000,0,0,18000,3,2,1,3,5,1,0,0,0,0,0,3,11,0
952,2,1,44051000.0,1,1,20,79000,7000,58000,6000,3000,18000,4,3,1,4,6,0,0,0,0,0,0,3,11,1
953,3,4,42767000.0,2,0,53,20000,6000,43000,19000,5000,38000,1,3,1,2,8,0,0,0,0,0,0,3,11,0
954,2,0,46106000.0,1,1,84,30000,0,8000,2000,0,14000,1,1,1,2,6,0,0,0,0,0,0,3,11,0
955,3,5,16927000.0,1,1,50,20000,2000,23000,3000,1000,4000,5,3,0,4,8,0,0,0,0,0,0,3,11,0
956,1,5,59754000.0,0,1,96,115000,27000,44000,4000,146000,139000,3,5,2,6,5,0,0,0,0,0,0,3,11,1
957,1,4,53700000.0,0,1,94,263000,5000,233000,69000,41000,83000,4,5,5,8,5,0,0,0,0,0,0,3,11,0
958,1,5,59041000.0,1,1,25,69000,2000,15000,2000,2000,6000,2,2,0,4,5,0,0,0,0,0,0,3,11,0
959,3,1,54237000.0,0,1,48,267000,3000,30000,4000,0,57000,4,5,2,5,6,0,0,0,0,0,0,3,11,0
960,1,1,70647000.0,0,1,65,561000,85000,171000,25000,123000,114000,2,4,7,13,2,0,0,0,0,0,0,3,11,0
961,3,4,52597000.0,0,1,69,492000,0,37000,7000,0,42000,3,6,3,8,5,0,0,0,0,0,0,3,11,0
962,2,0,41021000.0,1,0,12,14000,7000,9000,6000,16000,12000,2,2,0,3,6,0,0,0,0,0,0,3,11,1
963,3,5,40233000.0,0,1,84,80000,4000,46000,0,17000,2000,5,2,1,5,6,0,0,0,0,0,0,3,11,0
964,1,5,50183000.0,1,1,47,97000,12000,84000,13000,10000,15000,7,3,1,6,5,0,0,0,0,0,0,3,11,0
965,1,0,54753000.0,0,1,87,197000,107000,227000,7000,59000,131000,3,5,2,11,4,0,0,0,0,0,0,3,11,0
966,1,5,92955000.0,0,0,35,693000,21000,925000,31000,24000,84000,1,6,7,9,2,0,0,1,1,0,0,3,11,1
967,1,5,33471000.0,1,0,47,43000,2000,27000,0,9000,12000,3,3,0,4,7,0,0,0,0,0,0,3,11,0
968,3,5,34596000.0,1,0,48,14000,0,2000,0,0,7000,1,1,0,2,8,0,0,0,0,0,0,3,11,1
969,1,0,44010000.0,1,0,46,186000,36000,234000,86000,72000,48000,6,10,2,6,9,0,0,0,0,0,0,3,11,0
970,1,5,84219000.0,0,0,27,434000,137000,400000,45000,137000,45000,1,3,4,10,1,0,0,0,0,0,0,3,11,0
971,3,0,40706000.0,2,1,37,59000,0,11000,4000,2000,5000,4,3,0,4,7,0,0,0,0,0,0,3,11,0
972,0,5,15716000.0,1,0,8,16000,5000,30000,8000,7000,26000,3,3,0,4,8,0,0,0,0,0,1,3,11,0
973,0,1,59052000.0,0,1,29,230000,35000,75000,63000,57000,31000,3,7,1,7,5,0,0,0,0,0,0,3,11,0
974,2,0,80573000.0,0,0,85,829000,138000,430000,60000,92000,15000,1,4,6,13,2,0,0,0,0,0,0,3,11,0
975,1,5,83715000.0,0,0,2,318000,8000,407000,150000,35000,8000,1,2,8,13,0,0,0,0,0,0,0,3,11,0
976,2,0,82576000.0,0,0,66,1206000,55000,445000,168000,18000,18000,1,2,4,12,1,0,0,1,0,0,0,3,11,0
977,2,5,56962000.0,2,1,60,292000,3000,77000,10000,3000,26000,7,6,3,5,7,0,0,0,0,0,0,3,11,0
978,1,5,35704000.0,1,1,54,30000,9000,12000,2000,11000,30000,3,2,0,4,4,0,0,0,0,0,0,3,11,0
979,1,0,53103000.0,0,1,70,729000,17000,133000,11000,0,195000,5,10,6,7,7,1,0,0,0,0,0,3,11,0
980,0,3,46779000.0,1,1,55,12000,1000,3000,0,0,7000,1,0,1,2,4,0,0,0,0,0,0,3,11,0
981,1,1,4861000.0,0,0,20,2000,1000,1000,1000,0,1000,0,0,0,0,14,0,0,0,0,0,0,3,11,0
982,2,1,33462000.0,1,0,78,22000,3000,18000,0,0,11000,1,2,0,3,7,0,0,0,0,0,0,3,11,0
983,1,1,63693000.0,0,1,63,587000,43000,337000,42000,87000,54000,3,11,6,9,6,0,0,0,0,0,0,3,11,0
984,1,5,80763000.0,0,0,17,674000,168000,108000,192000,42000,231000,1,5,11,6,3,0,0,1,1,0,0,3,11,1
985,3,5,65352000.0,0,1,43,284000,3000,84000,4000,7000,23000,2,4,2,8,4,0,0,0,0,0,0,3,11,0
986,3,5,82170000.0,0,0,13,1023000,93000,651000,49000,55000,37000,1,5,6,7,2,0,0,0,0,0,0,3,11,0
987,1,5,75759000.0,0,0,46,1394000,22000,708000,89000,91000,182000,1,9,7,9,5,1,0,1,1,0,0,3,11,1
988,0,4,79689000.0,0,0,65,311000,26000,640000,180000,37000,121000,1,4,9,13,2,0,0,0,0,0,0,3,11,0
989,3,3,35340000.0,1,1,1,27000,0,12000,0,1000,5000,2,2,0,3,5,0,0,0,0,0,0,3,11,0
990,1,1,85683000.0,0,0,6,1296000,17000,311000,45000,69000,51000,1,2,4,10,1,0,1,1,1,1,0,3,11,1
991,0,5,24884000.0,1,0,32,3000,6000,7000,0,0,3000,1,0,0,3,7,0,0,0,0,0,0,3,11,0
992,2,0,42021000.0,1,0,34,393000,5000,136000,7000,5000,27000,5,10,1,6,9,1,0,0,0,0,0,3,11,0
993,1,4,64449000.0,1,0,70,218000,63000,282000,137000,35000,70000,4,5,3,12,4,0,0,0,0,0,0,3,11,0
994,1,1,64587000.0,1,1,49,66000,0,16000,0,6000,20000,2,1,1,4,3,0,0,0,0,0,0,3,11,0
995,1,4,34824000.0,0,0,65,4000,2000,11000,2000,0,4000,1,1,0,2,6,0,0,0,0,0,0,3,11,0
996,1,0,75437000.0,0,0,25,795000,0,545000,95000,58000,0,1,8,4,10,6,0,0,0,1,0,0,3,11,0
997,1,0,26091000.0,1,1,84,15000,10000,19000,8000,17000,20000,3,2,1,3,5,0,0,0,0,0,0,3,11,0
998,1,5,52845000.0,1,0,7,384000,25000,292000,130000,41000,64000,3,8,8,6,6,1,0,0,0,0,0,3,11,0
999,1,1,46086000.0,0,1,34,244000,8000,32000,7000,2000,50000,4,3,1,8,4,0,0,0,0,0,0,3,11,0
1000,3,3,78028000.0,0,1,38,158000,19000,288000,25000,0,38000,1,6,4,9,7,0,1,1,0,0,0,3,11,1
1001,3,4,95169000.0,0,0,1,1285000,21000,449000,106000,20000,20000,1,4,3,4,1,0,0,1,1,0,0,3,11,1
1002,0,5,56337000.0,1,1,25,349000,16000,144000,28000,5000,182000,5,8,5,4,8,1,0,0,1,0,0,3,11,1
1003,1,0,22434000.0,1,0,25,4000,12000,11000,3000,13000,15000,2,2,0,3,8,0,0,0,0,0,0,3,11,0
1004,3,5,36930000.0,0,1,50,223000,2000,31000,0,2000,39000,5,5,2,4,8,0,0,0,0,0,0,3,11,0
1005,1,4,36130000.0,0,1,46,157000,43000,127000,68000,56000,37000,6,3,8,4,4,1,0,0,0,0,0,3,11,1
1006,2,5,65569000.0,0,1,96,397000,46000,288000,20000,38000,70000,2,6,5,10,3,0,0,0,0,0,0,3,11,0
1007,1,0,83844000.0,0,0,57,901000,31000,345000,75000,31000,191000,1,4,4,11,1,0,0,1,0,0,0,3,11,0
1008,1,5,19514000.0,1,1,47,14000,3000,21000,2000,1000,28000,4,3,1,2,8,1,0,0,0,0,0,3,11,0
1009,3,4,36736000.0,1,1,52,10000,0,3000,0,0,4000,1,1,0,2,6,0,0,0,0,0,0,3,11,0
1010,1,0,77568000.0,0,1,30,1230000,0,396000,232000,178000,158000,1,10,2,8,5,0,1,1,1,0,0,3,11,0
1011,3,0,49187000.0,0,1,63,81000,1000,31000,2000,1000,0,1,1,1,5,2,0,0,0,0,0,0,3,11,0
1012,1,4,30168000.0,1,0,51,154000,20000,66000,0,12000,27000,7,6,1,4,9,0,0,0,0,0,0,3,11,0
1013,2,0,34053000.0,0,1,14,63000,0,21000,7000,0,12000,1,3,0,3,8,0,0,0,0,0,0,3,11,0
1014,2,5,38196000.0,1,1,20,30000,0,11000,0,0,3000,3,2,0,4,5,0,0,0,0,0,0,3,11,0
1015,2,5,59412000.0,0,0,56,90000,67000,165000,30000,43000,11000,1,4,2,8,3,0,0,0,0,0,0,3,11,0
1016,0,5,70924000.0,0,0,41,635000,114000,254000,132000,152000,76000,1,6,6,7,3,0,0,1,0,0,0,3,11,0
1017,1,0,54165000.0,0,0,72,127000,4000,73000,15000,6000,11000,1,2,1,7,2,0,0,0,0,0,0,3,11,0
1018,1,5,32300000.0,1,0,1,13000,3000,6000,6000,5000,6000,1,1,0,3,8,0,0,0,0,0,0,3,11,0
1019,1,4,20180000.0,0,0,27,18000,42000,24000,15000,20000,18000,1,2,1,4,7,0,0,0,0,0,0,3,11,0
1020,1,5,34961000.0,1,0,77,45000,2000,26000,4000,1000,1000,3,3,1,3,7,0,0,0,0,0,0,3,11,0
1021,3,0,28440000.0,1,0,87,38000,1000,24000,0,0,0,1,2,0,3,8,0,0,0,0,0,0,3,11,0
1022,3,0,64504000.0,1,2,81,986000,36000,168000,16000,0,108000,7,11,3,4,7,0,0,0,0,0,0,3,11,1
1023,2,0,33564000.0,0,1,51,61000,0,3000,0,0,7000,1,1,1,3,5,0,0,0,0,0,0,3,11,0
1024,1,5,17345000.0,1,0,79,4000,9000,16000,17000,0,12000,2,2,1,2,8,0,0,0,0,0,0,3,11,0
1025,3,5,56320000.0,0,1,11,201000,53000,172000,116000,77000,83000,3,5,4,9,4,0,0,0,0,0,0,3,11,0
1026,1,4,28647000.0,1,0,54,19000,8000,29000,0,12000,26000,1,2,2,2,7,1,0,0,0,0,0,3,11,1
1027,4,4,15038000.0,1,0,93,4000,8000,11000,19000,12000,26000,2,2,1,2,9,0,0,0,0,0,0,3,11,0
1028,3,1,32173000.0,0,1,0,18000,0,2000,0,0,2000,1,1,0,3,4,0,0,0,0,0,0,3,11,0
1029,0,0,68316000.0,0,1,54,806000,80000,161000,120000,11000,33000,5,10,7,10,6,0,0,0,0,0,0,3,11,0
1030,1,0,74538000.0,0,0,21,380000,98000,733000,110000,112000,28000,1,8,8,5,3,0,0,1,0,0,0,3,11,1
1031,1,4,91700000.0,0,0,58,576000,172000,961000,125000,115000,19000,1,8,6,5,3,0,0,0,0,0,0,3,11,1
1032,1,0,68695000.0,0,0,3,458000,81000,356000,106000,50000,40000,1,4,4,7,2,0,0,0,0,0,0,3,11,0
1033,0,5,31056000.0,1,0,99,5000,10000,13000,3000,8000,16000,1,1,0,3,8,0,0,0,0,0,0,3,11,0
1034,1,5,79593000.0,0,0,70,350000,60000,568000,110000,133000,145000,1,5,6,7,2,0,0,1,0,0,0,3,11,0
1035,1,4,28071000.0,0,0,65,39000,33000,130000,41000,26000,44000,2,5,1,5,8,0,0,0,0,0,0,3,11,0
1036,3,0,37334000.0,1,1,44,26000,1000,16000,2000,2000,15000,4,3,0,4,4,0,0,0,0,0,0,3,11,0
1037,2,4,46423000.0,1,1,6,68000,0,16000,0,0,8000,3,2,0,4,7,0,0,0,0,0,0,3,11,0
1038,3,5,37126000.0,1,0,9,45000,3000,9000,4000,4000,7000,1,1,2,2,6,1,0,0,0,0,0,3,11,1
1039,1,5,47703000.0,0,1,95,359000,0,134000,13000,26000,123000,4,6,3,8,5,0,0,0,0,0,0,3,11,0
1040,1,5,61180000.0,0,1,70,403000,24000,29000,6000,24000,218000,2,5,5,6,3,1,0,0,0,0,0,3,11,0
1041,1,5,38998000.0,1,1,92,34000,1000,14000,0,0,5000,3,2,0,3,8,0,0,0,0,0,1,3,11,0
1042,1,4,8028000.0,0,0,62,73000,18000,66000,7000,12000,2000,15,0,1,0,19,0,0,0,0,0,0,3,11,0
1043,1,0,76081000.0,0,0,85,292000,30000,415000,63000,33000,200000,1,4,5,4,2,0,0,0,1,0,0,3,11,0
1044,1,0,34728000.0,1,0,2,14000,0,16000,0,0,6000,1,1,1,2,6,0,0,0,0,0,0,3,11,1
1045,2,4,33168000.0,0,1,0,80000,1000,37000,0,1000,3000,3,2,1,4,7,0,0,0,0,0,0,3,11,0
1046,2,5,33585000.0,0,1,91,30000,11000,33000,13000,6000,29000,1,2,0,4,4,0,0,0,0,0,0,3,11,0
1047,3,5,77037000.0,0,1,3,463000,96000,333000,168000,53000,10000,1,7,7,12,3,0,0,0,0,0,0,3,11,0
1048,1,0,35196000.0,1,0,68,75000,12000,141000,43000,39000,187000,6,6,1,5,8,0,0,0,0,0,0,3,11,1
1049,1,5,44529000.0,0,1,98,538000,13000,91000,17000,6000,26000,6,6,2,11,5,0,1,0,0,0,0,3,11,0
1050,0,5,70924000.0,0,0,41,635000,114000,254000,132000,152000,76000,1,6,6,7,3,0,0,1,0,0,0,3,11,0
1051,3,0,28764000.0,1,1,16,8000,0,3000,0,0,1000,1,1,0,2,8,1,0,0,0,0,0,3,11,0
1052,3,5,69098000.0,0,0,82,1315000,22000,780000,145000,0,178000,1,7,8,9,5,0,0,0,0,0,0,3,11,0
1053,0,1,25959000.0,1,1,1,4000,2000,12000,7000,5000,26000,2,1,2,2,6,0,0,0,0,0,0,3,11,1
1054,2,5,27100000.0,1,0,64,12000,0,13000,2000,0,10000,1,1,0,3,7,0,0,0,0,0,0,3,11,0
1055,1,4,70596000.0,0,0,68,347000,44000,534000,17000,0,26000,1,3,5,12,2,0,0,0,0,0,0,3,11,0
1056,1,5,42557000.0,0,1,98,192000,5000,53000,0,5000,15000,4,6,1,4,8,0,0,0,0,0,0,3,11,0
1057,3,5,53312000.0,0,0,32,241000,0,12000,0,0,25000,1,5,1,5,7,0,0,0,0,0,0,3,11,0
1058,1,4,72228000.0,0,0,87,631000,28000,491000,30000,14000,56000,1,6,7,8,3,0,0,0,0,0,0,3,11,0
1059,1,0,67605000.0,0,0,84,336000,28000,282000,184000,54000,54000,1,2,8,6,1,0,0,0,0,0,0,3,11,0
1060,2,5,62845000.0,1,1,3,1099000,0,45000,0,0,34000,11,3,4,10,8,0,1,0,0,0,0,3,11,0
1061,1,0,65196000.0,0,2,34,743000,19000,181000,12000,0,200000,2,7,6,11,5,1,0,0,0,0,0,3,11,0
1062,3,4,42000000.0,0,0,23,124000,83000,267000,85000,59000,35000,2,5,2,11,5,0,0,0,0,0,0,3,11,1
1063,3,1,35860000.0,1,1,37,15000,0,8000,4000,2000,20000,2,1,1,2,5,1,0,0,0,0,0,3,11,0
1064,3,5,65526000.0,0,1,22,397000,19000,69000,12000,0,9000,1,4,4,8,2,0,0,0,0,0,0,3,11,0
1065,1,5,16860000.0,1,1,19,10000,4000,4000,3000,3000,14000,3,1,1,3,7,0,0,0,0,0,0,3,11,0
1066,1,4,83528000.0,0,0,7,530000,117000,678000,134000,44000,147000,1,4,10,8,1,1,0,0,1,0,0,3,11,1
1067,0,1,64176000.0,0,1,52,1215000,33000,249000,64000,116000,149000,8,8,9,8,6,0,0,0,0,0,0,3,11,0
1068,1,1,22304000.0,0,0,91,3000,2000,7000,0,4000,2000,1,1,0,2,8,0,0,0,0,0,0,3,11,0
1069,1,5,67023000.0,0,0,93,444000,44000,382000,11000,8000,17000,1,3,7,13,2,0,0,0,0,0,1,3,11,0
1070,3,0,32892000.0,1,0,78,26000,0,15000,2000,1000,2000,2,3,0,3,8,0,0,0,0,0,0,3,11,0
1071,1,0,70713000.0,0,1,23,736000,114000,279000,82000,76000,190000,6,5,6,8,3,0,0,0,0,0,0,3,11,0
1072,1,0,59925000.0,0,1,83,473000,21000,176000,19000,21000,56000,3,9,2,9,6,0,0,0,0,0,0,3,11,0
1073,1,5,39722000.0,0,1,92,32000,0,5000,2000,0,8000,2,2,0,3,5,0,0,0,0,0,0,3,11,0
1074,1,0,46610000.0,0,0,4,288000,10000,30000,4000,10000,125000,1,6,1,6,6,0,0,0,0,0,0,3,11,0
1075,1,0,88347000.0,0,0,32,1050000,178000,555000,77000,138000,118000,1,4,7,9,1,0,0,0,1,0,0,3,11,0
1076,3,5,87171000.0,0,0,27,1001000,44000,107000,58000,44000,44000,1,6,7,11,2,1,0,1,0,0,0,3,11,0
1077,0,0,26907000.0,1,1,10,9000,1000,7000,0,3000,2000,2,1,0,3,7,0,0,0,0,0,0,3,11,0
1078,2,4,50014000.0,1,0,9,234000,14000,77000,19000,10000,42000,2,4,1,8,5,0,0,0,0,0,0,3,11,0
1079,3,5,41014000.0,1,0,65,7000,2000,6000,2000,0,3000,1,1,0,2,7,0,0,0,0,0,0,3,11,0
1080,1,4,66294000.0,0,0,68,251000,108000,334000,65000,92000,117000,1,4,3,5,2,0,0,0,0,0,0,3,11,0
1081,1,5,36715000.0,1,0,16,172000,10000,125000,21000,13000,16000,6,7,2,4,9,0,0,0,0,0,0,3,11,1
1082,1,5,79456000.0,0,0,12,565000,42000,548000,64000,83000,99000,1,5,6,4,3,0,0,0,0,0,0,3,11,1
1083,1,0,40479000.0,1,0,95,5000,0,8000,2000,0,0,1,0,0,3,4,0,0,0,0,0,0,3,11,0
1084,2,4,75345000.0,0,0,16,918000,57000,842000,99000,38000,133000,1,5,8,6,3,0,0,0,1,0,0,3,11,1
1085,1,5,54233000.0,0,1,46,652000,8000,158000,21000,0,142000,4,11,6,5,8,0,0,0,0,0,0,3,11,0
1086,1,4,24163000.0,1,1,3,4000,1000,7000,2000,1000,2000,2,1,0,3,4,0,0,0,0,0,0,3,11,0
1087,3,0,84460000.0,0,0,80,152000,27000,103000,106000,54000,81000,0,9,9,4,5,0,1,1,1,1,0,3,11,1
1088,1,0,43776000.0,1,0,77,8000,0,9000,2000,1000,3000,1,1,0,2,6,0,0,0,0,0,0,3,11,0
1089,3,4,71691000.0,0,0,0,336000,130000,411000,240000,32000,43000,1,4,7,5,2,0,0,0,0,0,0,3,11,1
1090,3,5,85844000.0,0,0,62,938000,19000,843000,25000,95000,38000,1,6,6,7,2,0,0,1,0,0,0,3,11,0
1091,3,4,39190000.0,1,0,91,68000,8000,18000,19000,8000,12000,2,2,1,4,5,0,0,0,0,0,0,3,11,0
1092,1,0,71367000.0,0,0,24,227000,23000,389000,42000,21000,75000,1,4,5,7,2,0,0,0,0,0,0,3,11,0
1093,3,4,38578000.0,1,1,2,38000,4000,22000,3000,3000,3000,3,3,0,3,8,0,0,0,0,0,0,3,11,0
1094,3,5,57236000.0,1,1,22,105000,0,9000,2000,1000,4000,3,2,1,4,3,0,0,0,0,0,0,3,11,0
1095,1,4,61825000.0,0,1,56,162000,50000,100000,55000,30000,27000,1,4,2,8,4,0,0,0,0,0,0,3,11,0
1096,1,1,79803000.0,0,1,54,574000,8000,216000,21000,16000,33000,1,4,3,5,1,0,0,0,0,0,0,3,11,0
1097,0,4,80910000.0,0,0,71,160000,80000,369000,67000,39000,41000,1,3,3,8,1,0,0,0,0,0,0,3,11,0
1098,2,0,27590000.0,1,0,38,6000,0,5000,0,0,1000,1,1,0,2,7,0,0,0,0,0,0,3,11,0
1099,1,5,56775000.0,0,1,62,614000,35000,160000,58000,35000,35000,2,5,8,10,5,0,0,0,0,0,0,3,11,0
1100,1,1,83829000.0,0,0,78,897000,161000,430000,186000,161000,27000,0,4,7,6,1,1,0,1,1,0,0,3,11,1
1101,0,5,54210000.0,0,1,18,70000,54000,109000,80000,9000,45000,2,4,1,7,5,0,0,0,0,0,0,3,11,0
1102,1,5,38508000.0,1,0,95,120000,19000,206000,25000,19000,54000,6,7,2,5,8,0,0,0,0,0,0,3,11,0
1103,1,0,53187000.0,1,0,66,211000,2000,30000,7000,7000,10000,2,4,1,6,5,0,0,0,0,0,0,3,11,0
1104,1,5,30023000.0,1,0,28,11000,0,16000,7000,6000,21000,1,2,0,3,8,0,0,0,0,0,0,3,11,0
1105,3,4,76045000.0,0,0,78,760000,53000,400000,17000,93000,0,1,4,5,11,2,0,0,0,1,0,0,3,11,0
1106,3,5,50870000.0,0,1,13,53000,0,8000,0,0,2000,1,2,0,3,5,0,0,0,0,0,0,3,11,0
1107,0,5,15315000.0,0,0,27,7000,4000,13000,15000,8000,17000,2,2,0,4,5,0,0,0,0,0,0,3,11,0
1108,0,5,65463000.0,1,0,17,391000,32000,70000,21000,32000,16000,2,6,2,9,5,0,1,0,0,0,0,3,11,0
1109,1,5,66480000.0,1,1,71,199000,9000,57000,20000,21000,6000,7,4,1,7,4,0,0,0,0,0,0,3,11,0
1110,1,1,76773000.0,0,0,79,516000,56000,449000,86000,33000,16000,1,2,2,11,1,0,0,0,0,0,0,3,11,0
1111,0,4,81698000.0,0,0,1,709000,45000,115000,30000,160000,45000,1,8,2,5,5,0,0,0,1,0,0,3,11,1
1112,3,4,54466000.0,1,1,78,12000,0,4000,0,0,0,1,1,0,2,5,0,0,0,0,0,0,3,11,0
1113,2,4,98777000.0,0,0,23,1000000,19000,711000,125000,115000,38000,0,4,6,9,1,0,1,0,0,0,0,3,11,0
1114,3,4,16269000.0,1,0,75,19000,3000,18000,3000,1000,0,3,3,0,3,8,0,0,0,0,0,0,3,11,0
1115,1,0,71819000.0,0,1,70,1224000,28000,140000,0,14000,168000,3,3,3,5,6,0,1,1,0,0,0,3,11,0
1116,3,5,33569000.0,1,0,10,16000,2000,18000,3000,0,24000,1,1,1,2,8,1,0,0,0,0,0,3,11,1
1117,2,5,36262000.0,0,0,24,88000,39000,54000,64000,28000,153000,1,3,5,3,6,1,0,0,0,0,0,3,11,1
1118,4,0,22634000.0,0,0,47,2000,23000,11000,8000,6000,46000,1,2,1,2,8,0,0,0,0,0,0,3,11,0
1119,0,5,47025000.0,0,1,98,508000,11000,59000,23000,5000,29000,5,11,1,6,9,0,0,0,0,0,0,3,11,0
1120,1,4,70566000.0,0,1,4,381000,28000,215000,84000,28000,21000,2,6,5,9,3,0,0,0,0,0,0,3,11,0
1121,3,5,31605000.0,1,0,15,74000,0,42000,2000,1000,6000,2,2,1,4,7,0,0,0,0,0,0,3,11,0
1122,2,1,52034000.0,1,1,67,146000,0,93000,7000,13000,73000,5,4,2,5,7,0,0,0,0,0,0,3,11,0
1123,1,4,48526000.0,1,0,32,23000,17000,23000,43000,20000,9000,1,2,1,4,3,0,0,0,0,0,0,3,11,0
1124,1,5,46734000.0,0,1,40,110000,5000,137000,26000,23000,29000,2,6,1,5,7,0,0,0,0,0,0,3,11,0
1125,1,1,39552000.0,1,1,54,165000,3000,147000,4000,24000,41000,7,6,2,5,8,0,0,0,0,0,0,3,11,1
1126,1,4,86358000.0,1,1,78,957000,47000,494000,82000,47000,95000,4,5,3,6,8,0,0,0,0,0,0,3,11,0
1127,1,0,46931000.0,2,1,94,41000,0,17000,3000,1000,16000,2,1,1,3,3,0,0,0,0,0,0,3,11,0
1128,4,4,16581000.0,0,0,51,1000,3000,4000,2000,3000,11000,1,0,0,3,4,0,0,0,0,0,0,3,11,0
1129,0,1,63998000.0,0,0,42,176000,29000,818000,0,33000,112000,1,7,6,11,4,0,0,0,0,0,0,3,11,1
1130,2,5,67381000.0,0,1,67,815000,8000,53000,11000,0,70000,4,2,2,9,7,0,1,0,0,0,0,3,11,0
1131,1,4,25930000.0,1,1,87,6000,1000,2000,2000,0,4000,1,1,0,2,7,0,0,0,0,0,0,3,11,0
1132,1,5,42693000.0,1,0,29,8000,4000,20000,6000,3000,16000,1,1,0,3,5,0,0,0,0,0,0,3,11,0
1133,1,0,85606000.0,0,1,89,717000,42000,864000,219000,30000,84000,2,6,7,9,3,0,0,0,1,0,0,3,11,0
1134,1,4,72903000.0,0,0,74,1067000,138000,750000,0,19000,39000,1,7,5,8,4,0,1,1,1,0,0,3,11,1
1135,0,0,49669000.0,1,0,97,166000,5000,107000,11000,8000,29000,2,5,1,6,6,0,0,0,0,0,0,3,11,0
1136,3,5,36778000.0,1,1,63,29000,4000,34000,2000,4000,4000,3,3,0,3,9,0,0,0,0,0,0,3,11,0
1137,3,1,85696000.0,0,0,88,714000,76000,395000,116000,0,12000,1,4,6,9,1,0,0,0,0,0,0,3,11,1
1138,2,1,10979000.0,0,0,34,8000,4000,10000,2000,2000,4000,2,3,0,3,5,0,0,0,0,0,0,3,11,0
1139,1,5,49678000.0,0,1,81,229000,5000,56000,3000,2000,20000,2,6,2,4,7,0,0,0,0,0,0,3,11,0
1140,2,0,56129000.0,0,1,65,320000,48000,133000,39000,72000,48000,4,6,2,10,4,0,0,0,0,0,0,3,11,0
1141,1,5,37155000.0,1,0,51,23000,0,26000,7000,15000,3000,1,2,0,4,5,0,0,0,0,0,0,3,11,0
1142,0,1,21282000.0,1,0,76,1000,5000,8000,4000,8000,20000,2,2,1,2,6,0,0,0,0,0,0,3,11,0
1143,3,4,33419000.0,0,1,76,56000,0,12000,0,0,18000,2,2,0,4,7,0,0,0,0,0,0,3,11,0
1144,1,3,63285000.0,0,0,84,508000,124000,249000,50000,38000,134000,1,6,5,13,3,0,0,0,0,0,0,3,11,0
1145,2,0,21255000.0,1,0,56,29000,0,25000,2000,2000,3000,4,2,1,4,4,0,0,0,0,0,0,3,11,0
1146,1,0,42162000.0,1,0,31,46000,7000,59000,2000,4000,27000,2,3,1,3,6,1,0,0,0,0,0,3,11,1
1147,1,0,54450000.0,1,1,0,454000,0,171000,8000,19000,32000,12,9,2,8,8,0,0,0,0,0,0,3,11,0
1148,3,5,57744000.0,0,1,91,350000,3000,39000,0,0,19000,2,9,1,4,8,0,0,0,0,0,0,3,11,0
1149,1,4,26576000.0,1,0,40,10000,0,8000,0,0,9000,1,1,0,2,9,1,0,0,0,0,0,3,11,1
1150,3,3,57513000.0,0,0,59,735000,40000,183000,52000,20000,30000,2,9,3,13,6,0,0,0,0,0,0,3,11,0
1151,1,0,68142000.0,0,1,96,897000,126000,196000,91000,112000,37000,3,10,4,7,6,0,0,0,0,0,0,3,11,0
1152,1,5,7500000.0,0,1,61,5000,2000,3000,3000,0,5000,1,1,0,2,8,0,0,0,0,0,0,3,11,0
1153,1,0,83145000.0,0,0,14,777000,35000,731000,39000,137000,114000,1,5,9,11,2,0,0,1,0,0,0,3,11,1
1154,2,5,54197000.0,0,1,16,162000,6000,37000,6000,13000,13000,2,1,3,6,1,0,0,0,0,0,0,3,11,0
1155,3,4,23091000.0,1,1,98,35000,0,11000,0,0,2000,4,2,1,3,7,0,0,0,0,0,0,3,11,0
1156,1,5,46049000.0,1,1,11,342000,9000,112000,19000,14000,19000,10,5,2,9,7,0,0,0,0,0,0,3,11,1
1157,1,0,56715000.0,0,0,52,258000,105000,239000,237000,172000,9000,1,7,3,4,4,0,0,0,0,0,0,3,11,0
1158,1,5,79410000.0,0,0,19,658000,80000,483000,123000,13000,13000,1,3,2,5,1,0,0,0,0,0,0,3,11,0
1159,1,5,57304000.0,0,1,61,356000,80000,329000,138000,17000,106000,2,7,6,10,5,0,0,0,0,0,0,3,11,0
1160,1,5,44375000.0,0,1,73,213000,5000,28000,7000,7000,41000,1,4,1,6,5,0,0,0,0,0,0,3,11,0
1161,1,0,54450000.0,1,1,0,454000,0,171000,8000,19000,32000,12,9,2,8,8,0,0,0,0,0,0,3,11,0
1162,1,5,59594000.0,0,1,74,457000,4000,29000,0,0,9000,1,8,1,7,7,0,1,0,0,0,0,3,11,0
1163,1,0,80685000.0,0,0,55,241000,45000,604000,34000,26000,54000,1,6,4,10,2,0,0,0,0,0,0,3,11,0
1164,3,5,40344000.0,0,1,48,210000,0,6000,0,0,2000,2,4,1,5,7,0,0,0,0,0,0,3,11,0
1165,1,5,62710000.0,0,1,53,441000,35000,83000,7000,29000,11000,4,4,2,12,4,0,0,0,0,0,0,3,11,0
1166,0,5,48985000.0,0,1,13,19000,13000,18000,10000,7000,8000,1,1,1,3,3,0,0,0,0,0,0,3,11,0
1167,1,0,35322000.0,1,2,34,28000,9000,37000,12000,7000,13000,3,2,0,4,8,0,0,0,0,0,0,3,11,0
1168,1,5,77142000.0,0,0,54,476000,75000,162000,29000,151000,97000,1,4,4,8,2,0,0,0,0,0,0,3,11,0
1169,1,4,81657000.0,0,0,69,364000,40000,425000,158000,60000,50000,1,3,4,8,1,0,0,0,0,0,0,3,11,0
1170,4,5,14421000.0,0,0,81,0,0,2000,3000,3000,8000,1,1,0,2,5,1,0,0,0,0,0,3,11,0
1171,0,5,20130000.0,0,0,99,0,6000,3000,7000,6000,12000,1,1,0,3,8,0,0,0,0,0,0,3,11,0
1172,3,5,74214000.0,0,0,3,863000,83000,547000,86000,99000,33000,1,8,2,5,5,0,0,0,0,0,0,3,11,0
1173,2,5,66726000.0,1,1,61,349000,7000,35000,0,0,47000,3,8,2,4,7,0,1,0,0,0,0,3,11,0
1174,4,0,23724000.0,1,0,65,5000,23000,15000,0,18000,14000,2,2,0,3,8,0,0,0,0,0,0,3,11,0
1175,2,5,47353000.0,0,1,93,184000,2000,19000,8000,8000,4000,3,2,2,6,5,0,0,0,0,0,0,3,11,0
1176,2,5,33444000.0,1,1,24,8000,0,8000,0,0,2000,1,1,0,2,8,0,0,0,0,0,0,3,11,0
1177,1,5,54386000.0,0,1,8,277000,21000,64000,62000,21000,25000,2,3,2,10,3,0,0,0,0,0,0,3,11,0
1178,1,1,28510000.0,1,1,72,44000,5000,19000,0,4000,19000,3,2,0,4,5,0,0,0,0,0,0,3,11,0
1179,2,4,90638000.0,0,0,29,1156000,120000,915000,94000,144000,96000,1,3,4,10,1,0,0,1,0,0,0,3,11,0
1180,1,0,48070000.0,0,1,33,373000,14000,83000,6000,9000,19000,3,8,2,6,7,0,0,0,0,0,1,3,11,0
1181,1,5,43140000.0,0,1,68,134000,8000,76000,6000,0,11000,1,4,1,5,6,0,0,0,0,0,0,3,11,0
1182,3,1,54959000.0,0,1,55,1148000,0,60000,0,0,24000,3,9,5,4,7,0,1,0,0,0,0,3,11,1
1183,4,4,15056000.0,1,1,76,6000,12000,3000,21000,6000,40000,5,2,2,3,5,0,0,0,0,0,0,3,11,0
1184,1,4,26954000.0,1,0,17,4000,1000,11000,0,0,1000,1,1,0,2,7,0,0,0,0,0,0,3,11,0
1185,1,4,22327000.0,1,0,94,5000,4000,8000,2000,0,5000,1,1,0,3,5,0,0,0,0,0,0,3,11,0
1186,1,5,44393000.0,1,1,86,24000,2000,20000,2000,2000,10000,2,1,0,4,4,0,0,0,0,0,0,3,11,0
1187,3,4,62000000.0,0,1,25,899000,0,101000,0,0,20000,1,6,6,13,4,0,0,0,1,0,0,3,11,0
1188,3,0,31497000.0,0,1,22,108000,1000,28000,13000,1000,4000,2,3,1,4,8,0,0,0,0,0,0,3,11,0
1189,0,5,45894000.0,0,2,15,27000,2000,7000,0,2000,13000,1,1,0,3,5,0,0,0,0,0,0,3,11,0
1190,2,1,78579000.0,0,0,35,816000,66000,549000,216000,66000,99000,1,5,6,4,3,0,0,0,0,0,0,3,11,1
1191,2,3,67369000.0,0,1,81,1298000,0,70000,37000,14000,42000,4,7,4,10,4,0,1,1,0,0,0,3,11,1
1192,1,1,58401000.0,0,1,55,10000,0,11000,17000,29000,29000,1,1,2,2,4,0,0,0,0,0,0,3,11,0
1193,1,4,62307000.0,0,1,94,87000,13000,34000,10000,6000,10000,1,4,0,4,5,0,0,0,0,0,0,3,11,0
1194,2,5,43641000.0,1,1,50,57000,2000,51000,4000,2000,23000,3,2,1,4,6,0,0,0,0,0,0,3,11,0
1195,2,1,63841000.0,0,1,64,635000,15000,100000,20000,7000,131000,1,9,3,9,6,0,0,0,0,0,0,3,11,0
1196,0,5,46891000.0,0,1,91,43000,12000,23000,29000,15000,61000,1,2,1,4,4,0,0,0,0,0,0,3,11,0
1197,2,5,70091000.0,1,0,11,964000,34000,137000,15000,0,11000,2,5,2,10,8,0,1,0,0,0,0,3,11,0
1198,3,5,78075000.0,0,0,72,572000,8000,259000,34000,35000,80000,1,3,5,5,1,0,0,0,0,0,0,3,11,0
1199,0,3,59184000.0,0,1,6,341000,142000,113000,259000,151000,66000,3,6,6,12,5,0,0,0,0,0,0,3,11,0
1200,1,5,54809000.0,1,1,0,63000,6000,57000,13000,13000,22000,4,2,1,5,4,0,0,0,0,0,0,3,11,0
1201,1,5,58113000.0,0,1,66,221000,104000,169000,102000,78000,84000,3,9,2,8,7,0,0,0,0,0,1,3,11,0
1202,2,5,51412000.0,0,1,42,140000,3000,29000,4000,5000,14000,2,3,2,4,4,0,0,0,0,0,0,3,11,0
1203,1,1,15287000.0,1,0,60,1000,2000,8000,4000,3000,13000,2,1,1,2,7,1,0,0,0,0,0,3,11,1
1204,2,0,66636000.0,0,0,64,291000,10000,689000,84000,10000,0,1,3,4,9,1,0,0,0,0,0,0,3,11,0
1205,2,5,50965000.0,0,1,87,544000,13000,85000,8000,6000,29000,3,10,4,5,8,1,0,0,0,0,0,3,11,0
1206,3,5,84618000.0,0,0,96,684000,100000,801000,21000,66000,0,1,6,9,10,2,0,0,1,0,0,0,3,11,0
1207,1,5,18351000.0,0,0,1,1000,12000,9000,0,14000,7000,1,2,0,3,7,0,0,0,0,0,0,3,11,0
1208,3,0,40451000.0,0,2,54,35000,0,4000,0,0,10000,1,1,1,2,5,1,0,0,0,0,0,3,11,0
1209,1,0,36317000.0,0,1,53,87000,3000,25000,3000,2000,13000,2,3,0,4,7,0,0,0,0,0,0,3,11,0
1210,1,0,42213000.0,0,1,96,309000,3000,24000,4000,3000,20000,2,5,1,7,7,0,1,0,0,0,0,3,11,0
1211,1,0,65748000.0,0,1,58,172000,73000,93000,95000,78000,34000,2,2,4,10,1,0,0,0,0,0,1,3,11,0
1212,1,0,77044000.0,0,1,12,625000,38000,242000,50000,34000,76000,2,7,11,11,4,1,0,0,0,0,0,3,11,0
1213,1,0,74918000.0,0,0,78,972000,59000,913000,25000,19000,59000,1,5,9,6,3,0,0,1,0,0,0,3,11,0
1214,1,5,56721000.0,1,1,64,157000,6000,39000,6000,13000,75000,5,4,1,5,6,0,0,0,0,0,0,3,11,0
1215,1,4,42160000.0,1,1,26,48000,9000,45000,3000,15000,20000,4,2,1,4,6,0,0,0,0,0,0,3,11,1
1216,1,4,61559000.0,0,1,8,279000,83000,88000,32000,14000,34000,1,4,2,10,3,0,0,0,0,0,0,3,11,0
1217,3,0,33629000.0,1,1,49,132000,0,16000,0,0,4000,5,3,1,4,9,0,0,0,0,0,0,3,11,0
1218,3,0,68682000.0,0,0,56,919000,0,505000,99000,30000,45000,1,4,9,10,2,0,0,0,0,0,0,3,11,0
1219,1,4,34377000.0,0,1,55,62000,0,22000,3000,1000,26000,2,2,2,2,7,0,0,0,0,0,0,3,11,0
1220,4,4,8940000.0,1,0,25,1000,45000,3000,4000,6000,42000,3,3,1,3,8,0,0,0,0,0,0,3,11,0
1221,1,5,26228000.0,1,0,50,2000,6000,4000,3000,1000,9000,1,1,0,2,8,0,0,0,0,0,0,3,11,0
1222,0,1,77297000.0,0,0,84,408000,61000,109000,48000,122000,41000,1,5,7,9,4,0,0,0,1,0,0,3,11,0
1223,1,5,40211000.0,1,1,30,51000,1000,7000,2000,1000,25000,2,2,1,2,8,1,0,0,0,0,0,3,11,0
1224,3,3,33438000.0,1,1,81,62000,1000,16000,3000,2000,6000,4,2,1,4,5,0,0,0,0,0,0,3,11,0
1225,3,5,75032000.0,0,1,74,952000,12000,180000,47000,12000,12000,2,5,4,9,3,0,0,0,0,0,0,3,11,0
1226,3,4,61284000.0,0,0,76,618000,15000,106000,20000,7000,45000,1,11,2,8,6,0,1,0,0,0,0,3,11,0
1227,1,5,22518000.0,1,0,36,11000,7000,12000,2000,2000,27000,2,2,1,2,5,1,0,0,0,0,0,3,11,1
1228,2,5,54730000.0,0,1,64,318000,3000,17000,4000,7000,56000,5,4,1,8,4,0,0,0,0,0,0,3,11,0
1229,2,5,38452000.0,1,1,62,56000,0,14000,0,0,2000,3,3,0,3,7,0,0,0,0,0,0,3,11,0
1230,1,1,44421000.0,1,1,53,110000,5000,59000,7000,1000,7000,5,5,0,4,8,0,0,0,0,0,0,3,11,0
1231,3,0,38197000.0,1,0,86,23000,0,11000,2000,1000,3000,1,1,0,3,5,0,0,0,0,0,0,3,11,0
1232,1,1,41986000.0,0,1,15,27000,5000,8000,8000,3000,12000,3,3,0,4,4,0,0,0,0,0,0,3,11,0
1233,1,0,28427000.0,1,0,67,18000,3000,19000,3000,3000,6000,2,2,0,3,8,0,0,0,0,0,0,3,11,0
1234,3,0,37395000.0,1,0,47,18000,0,9000,0,1000,11000,1,1,0,3,6,0,0,0,0,0,0,3,11,0
1235,1,5,64722000.0,1,0,47,303000,0,280000,60000,147000,15000,4,8,2,11,6,0,0,0,0,0,0,3,11,0
1236,2,0,55249000.0,0,1,81,97000,1000,19000,2000,0,11000,1,2,1,4,3,0,0,0,0,0,0,3,11,0
1237,1,0,84906000.0,0,0,98,997000,15000,414000,99000,30000,76000,1,5,6,12,2,0,1,1,0,1,0,3,11,0
1238,1,5,28691000.0,1,0,56,5000,4000,13000,8000,0,4000,1,1,0,3,8,0,0,0,0,0,0,3,11,0
1239,1,4,44213000.0,1,1,48,95000,11000,35000,0,4000,7000,4,2,1,5,6,0,0,0,0,0,0,3,11,0
1240,4,4,25707000.0,1,0,18,1000,6000,2000,3000,6000,3000,1,1,0,3,7,0,0,0,0,0,0,3,11,0
1241,3,5,59062000.0,2,1,74,46000,1000,12000,3000,0,9000,2,2,0,3,4,0,0,0,0,0,0,3,11,0
1242,1,4,76624000.0,0,1,68,411000,106000,147000,54000,115000,66000,1,5,10,7,1,1,0,0,0,0,0,3,11,0
1243,2,0,66000000.0,0,0,36,244000,51000,270000,101000,0,45000,1,1,3,5,1,0,0,0,0,0,0,3,11,0
1244,3,0,27683000.0,1,0,90,152000,9000,121000,12000,12000,45000,4,6,2,4,8,0,0,0,0,0,0,3,11,0
1245,1,1,1730000.0,0,0,65,1000,1000,3000,1000,1000,1000,15,0,0,0,20,0,0,0,0,0,0,3,11,0
1246,4,4,7500000.0,1,0,63,10000,17000,18000,8000,26000,40000,4,3,2,2,9,0,0,0,0,0,0,3,11,0
1247,1,0,40521000.0,1,1,82,12000,0,5000,0,0,4000,1,0,1,2,5,0,0,0,0,0,0,3,11,0
1248,3,0,20427000.0,1,0,63,5000,0,4000,0,0,1000,1,1,0,2,8,0,0,0,0,0,0,3,11,0
1249,1,5,65106000.0,0,1,55,790000,19000,133000,12000,0,19000,3,8,3,13,6,0,1,0,0,0,0,3,11,0
1250,3,5,69969000.0,0,0,64,882000,29000,514000,38000,29000,44000,1,4,2,6,3,0,0,1,1,0,0,3,11,1
1251,1,5,67433000.0,0,2,51,615000,28000,259000,12000,48000,30000,4,6,5,13,4,0,1,0,0,0,0,3,11,0
1252,3,5,77766000.0,0,1,97,1004000,59000,265000,115000,59000,27000,2,11,10,11,6,1,0,0,0,0,0,3,11,1
1253,1,5,74716000.0,0,1,92,133000,27000,421000,13000,195000,71000,2,7,3,5,4,0,0,0,0,0,0,3,11,0
1254,1,1,68118000.0,0,1,51,595000,23000,123000,10000,23000,154000,2,8,9,4,6,0,0,0,0,0,0,3,11,0
1255,3,5,55158000.0,1,1,72,293000,0,87000,4000,11000,23000,4,7,2,5,7,0,0,0,0,0,0,3,11,1
1256,0,5,62972000.0,0,1,39,313000,15000,47000,20000,0,192000,2,7,4,3,6,0,0,0,0,0,0,3,11,1
1257,1,5,74190000.0,0,1,49,151000,81000,86000,168000,91000,64000,2,4,2,11,2,0,0,0,0,0,0,3,11,0
1258,1,5,39356000.0,1,1,21,15000,0,2000,0,0,6000,1,1,0,2,6,1,0,0,0,0,0,3,11,0
1259,1,0,76653000.0,0,0,91,736000,63000,946000,219000,189000,126000,1,4,7,11,2,0,0,1,1,0,0,3,11,0
1260,3,1,35860000.0,1,1,37,15000,0,8000,4000,2000,20000,2,1,1,2,5,1,0,0,0,0,0,3,11,0
1261,3,1,90687000.0,0,0,98,982000,17000,672000,23000,34000,51000,1,6,2,8,2,0,0,1,0,0,0,3,11,1
1262,2,0,73450000.0,0,0,85,1142000,51000,415000,90000,69000,37000,1,7,8,11,3,1,0,0,1,0,0,3,11,0
1263,1,5,31454000.0,1,1,40,28000,0,11000,0,0,9000,3,2,0,3,8,0,0,0,0,0,0,3,11,0
1264,1,4,47139000.0,1,1,2,46000,0,12000,0,2000,23000,2,2,1,2,7,0,0,0,0,0,0,3,11,1
1265,1,1,83829000.0,0,0,78,897000,161000,430000,186000,161000,27000,0,4,7,6,1,1,0,1,1,0,0,3,11,1
1266,3,5,53378000.0,1,1,41,489000,6000,152000,8000,6000,132000,10,9,4,6,8,0,0,0,0,0,0,3,11,1
1267,1,0,19656000.0,1,0,94,25000,4000,9000,6000,8000,32000,3,2,1,3,7,0,0,0,0,0,0,3,11,0
1268,3,5,45579000.0,0,1,10,145000,1000,33000,2000,1000,1000,1,4,1,4,6,0,0,0,0,0,0,3,11,0
1269,0,4,85485000.0,0,0,73,630000,26000,611000,44000,18000,54000,1,6,6,6,2,0,0,0,0,0,0,3,11,0
1270,1,5,55956000.0,0,0,22,760000,38000,104000,50000,9000,38000,2,7,3,4,4,0,1,0,0,0,0,3,11,0
1271,2,4,64191000.0,0,1,30,420000,15000,186000,151000,38000,15000,3,5,3,13,3,0,0,0,0,0,0,3,11,0
1272,1,4,38808000.0,1,0,21,125000,17000,52000,3000,19000,30000,4,5,1,4,8,1,0,0,0,0,0,3,11,1
1273,2,5,57183000.0,1,1,51,464000,5000,64000,7000,0,70000,8,9,1,7,8,0,0,0,0,0,0,3,11,0
1274,2,1,23748000.0,1,0,97,6000,6000,29000,12000,15000,8000,3,2,1,3,8,0,0,0,0,0,0,3,11,0
1275,1,5,66303000.0,0,1,56,1090000,12000,96000,16000,12000,60000,4,3,4,11,8,0,1,0,0,0,0,3,11,0
1276,2,5,37368000.0,1,0,4,3000,2000,11000,2000,2000,10000,1,1,0,2,6,1,0,0,0,0,0,3,11,0
1277,1,5,40800000.0,1,2,77,24000,0,27000,8000,30000,10000,2,3,0,3,7,0,0,0,0,0,1,3,11,0
1278,1,1,71847000.0,0,0,95,737000,21000,106000,55000,63000,210000,0,6,7,9,3,0,0,0,1,0,0,3,11,0
1279,1,5,46149000.0,0,1,36,254000,6000,71000,4000,0,27000,5,5,1,7,5,0,0,0,0,0,0,3,11,0
1280,1,0,78687000.0,0,0,13,817000,185000,687000,145000,55000,241000,1,4,6,8,2,0,0,1,0,0,0,3,11,1
1281,0,1,49118000.0,0,0,90,620000,54000,239000,99000,98000,119000,2,9,7,10,7,0,1,0,0,1,0,3,11,1
1282,3,5,37633000.0,1,1,49,13000,4000,20000,0,0,1000,2,1,0,3,9,0,0,0,0,0,0,3,11,0
1283,2,0,39767000.0,0,0,18,113000,61000,204000,34000,26000,47000,2,7,1,7,8,0,0,0,0,0,0,3,11,0
1284,4,5,26997000.0,0,0,89,7000,23000,78000,133000,49000,144000,2,4,2,5,7,0,0,0,0,0,0,3,11,0
1285,1,1,33986000.0,1,0,43,16000,2000,18000,2000,1000,5000,1,1,0,3,7,0,0,0,0,0,0,3,11,0
1286,3,5,57091000.0,0,1,82,462000,0,24000,6000,0,4000,2,9,2,5,7,0,1,0,0,0,0,3,11,1
1287,0,5,46831000.0,1,1,84,22000,2000,10000,6000,4000,34000,2,1,2,2,4,0,0,0,0,0,0,3,11,0
1288,2,5,83151000.0,0,0,80,968000,147000,842000,137000,42000,210000,1,5,7,10,2,1,0,1,1,0,0,3,11,1
1289,1,5,52531000.0,0,0,68,283000,112000,151000,51000,72000,125000,2,7,2,10,6,0,0,0,0,0,0,3,11,0
1290,1,5,15759000.0,0,0,12,1000,2000,5000,6000,0,3000,1,1,0,2,7,0,0,0,0,0,0,3,11,0
1291,1,4,22804000.0,1,0,75,14000,1000,7000,2000,1000,1000,1,2,0,2,9,0,0,0,0,0,0,3,11,0
1292,0,5,43050000.0,1,0,10,30000,5000,24000,6000,3000,8000,2,2,0,4,5,0,0,0,0,0,0,3,11,0
1293,3,4,42997000.0,1,1,91,4000,0,5000,0,1000,5000,1,1,0,2,7,0,0,0,0,0,0,3,11,0
1294,3,4,48918000.0,1,1,21,52000,0,9000,0,0,1000,2,1,0,4,4,0,0,0,0,0,0,3,11,0
1295,2,0,60033000.0,0,1,28,62000,1000,57000,19000,11000,48000,2,2,1,5,2,0,0,0,0,0,0,3,11,0
1296,3,0,34043000.0,1,0,97,20000,2000,14000,3000,0,10000,1,2,0,2,9,0,0,0,0,0,0,3,11,0
1297,1,0,57811000.0,0,1,49,545000,7000,114000,37000,21000,78000,5,7,2,11,5,0,1,0,0,0,0,3,11,0
1298,1,5,78569000.0,0,0,14,558000,79000,622000,207000,175000,95000,1,4,6,4,1,0,0,1,0,0,0,3,11,1
1299,1,4,7500000.0,1,1,5,6000,5000,4000,13000,4000,25000,4,2,1,3,6,0,0,0,0,0,0,3,11,0
1300,2,0,157733000.0,1,0,37,39000,1000,9000,2000,0,8000,0,1,0,1,1,0,0,0,0,0,0,3,11,0
1301,1,0,94384000.0,0,0,62,1111000,24000,790000,160000,45000,172000,0,5,8,5,2,0,1,1,1,0,0,3,11,1
1302,0,5,23148000.0,0,0,83,4000,6000,8000,6000,3000,10000,1,2,0,3,7,0,0,0,0,0,0,3,11,0
1303,1,1,44267000.0,1,1,48,183000,5000,65000,3000,5000,49000,5,5,2,4,9,0,0,0,0,0,0,3,11,0
1304,1,5,71626000.0,0,0,94,546000,72000,376000,94000,145000,72000,1,5,5,8,3,0,1,0,0,0,0,3,11,0
1305,1,0,60894000.0,0,1,61,606000,7000,155000,10000,0,54000,5,10,3,8,7,0,0,0,0,0,0,3,11,0
1306,1,0,50200000.0,1,1,70,266000,6000,51000,8000,6000,64000,6,7,1,5,8,0,0,0,0,0,0,3,11,0
1307,3,5,81051000.0,0,0,43,1142000,29000,249000,38000,29000,14000,1,5,5,12,2,0,1,1,0,0,0,3,11,0
1308,1,5,65169000.0,0,0,23,1074000,0,69000,0,0,46000,1,10,4,13,6,1,0,1,1,1,0,3,11,1
1309,1,0,59868000.0,0,1,37,771000,51000,154000,54000,10000,154000,7,11,2,12,6,0,0,0,0,0,0,3,11,0
1310,3,5,65695000.0,0,1,50,371000,32000,189000,0,58000,6000,2,5,4,10,4,0,0,0,0,0,0,3,11,0
1311,2,4,64857000.0,0,0,78,556000,14000,717000,210000,0,43000,1,7,5,10,4,0,0,0,0,0,0,3,11,0
1312,2,0,45143000.0,0,1,74,202000,5000,74000,11000,5000,14000,3,6,1,5,7,0,0,0,0,0,0,3,11,0
1313,0,0,74805000.0,0,1,14,209000,162000,209000,41000,162000,37000,5,4,7,10,2,0,0,0,0,0,0,3,11,0
1314,0,5,59060000.0,1,0,77,35000,40000,111000,36000,40000,12000,3,3,1,7,4,0,0,0,0,0,0,3,11,0
1315,3,4,27238000.0,1,1,39,37000,0,17000,0,0,3000,3,3,0,3,9,0,0,0,0,0,0,3,11,0
1316,1,0,47009000.0,0,1,89,171000,45000,73000,59000,10000,90000,4,3,2,8,4,0,0,0,0,0,0,3,11,0
1317,0,5,46094000.0,1,1,62,12000,2000,20000,3000,2000,5000,1,1,0,3,7,0,0,0,0,0,0,3,11,0
1318,1,5,40321000.0,1,1,59,44000,4000,21000,6000,0,27000,2,3,0,3,7,0,0,0,0,0,0,3,11,0
1319,1,0,37235000.0,1,0,68,20000,2000,9000,4000,6000,20000,1,1,1,2,4,0,0,0,0,0,0,3,11,0
1320,2,5,81843000.0,0,0,13,779000,86000,537000,34000,69000,138000,1,5,9,12,3,0,0,0,0,0,0,3,11,0
1321,2,0,46692000.0,0,1,37,170000,6000,97000,24000,12000,88000,3,6,1,5,6,0,0,0,0,0,0,3,11,0
1322,1,0,77382000.0,0,1,36,491000,48000,231000,112000,105000,134000,2,5,7,12,1,0,0,1,0,0,0,3,11,0
1323,1,4,37774000.0,2,0,28,173000,8000,107000,7000,2000,176000,4,7,2,3,9,1,0,0,0,0,1,3,11,1
1324,4,5,18393000.0,1,0,2,7000,10000,13000,16000,0,4000,2,3,0,3,8,0,0,0,0,0,0,3,11,0
1325,2,5,72828000.0,0,1,17,1205000,0,235000,19000,14000,205000,6,6,3,13,7,0,0,0,0,0,0,3,11,0
1326,1,5,24711000.0,0,0,86,10000,7000,25000,6000,3000,7000,1,3,0,3,7,0,0,0,0,0,0,3,11,0
1327,3,5,45503000.0,1,0,54,97000,4000,44000,6000,1000,18000,1,3,1,4,5,0,0,0,0,0,0,3,11,0
1328,2,4,6560000.0,0,0,2,67000,11000,26000,4000,3000,262000,0,1,0,1,17,0,0,0,0,0,0,3,11,0
1329,3,0,71604000.0,0,0,3,345000,53000,528000,98000,75000,97000,1,8,3,5,4,1,0,0,0,0,0,3,11,1
1330,1,5,27244000.0,1,0,84,6000,5000,17000,3000,24000,46000,2,2,2,2,7,0,0,0,0,0,0,3,11,0
1331,1,5,48752000.0,1,1,8,73000,57000,100000,71000,15000,0,5,6,1,5,9,0,0,0,0,0,0,3,11,1
1332,1,5,71434000.0,0,1,4,711000,36000,217000,172000,96000,168000,3,7,4,7,4,0,1,0,1,0,0,3,11,0
1333,1,4,90842000.0,0,0,57,774000,70000,118000,182000,187000,93000,1,4,9,13,1,0,0,0,0,0,0,3,11,0
1334,2,5,88097000.0,1,0,24,163000,0,480000,0,126000,75000,1,6,5,8,9,0,1,1,1,0,0,3,11,1
1335,1,5,51948000.0,0,1,51,82000,33000,54000,71000,30000,41000,2,5,2,4,5,0,0,0,0,0,0,3,11,0
1336,1,0,71853000.0,0,0,29,358000,108000,413000,141000,97000,32000,1,2,8,6,1,0,0,0,0,0,0,3,11,0
1337,2,5,35876000.0,0,0,13,66000,2000,40000,4000,3000,14000,1,3,1,3,6,0,0,0,0,0,0,3,11,0
1338,1,3,40049000.0,0,1,23,13000,6000,7000,0,3000,3000,1,1,0,3,6,0,0,0,0,0,0,3,11,0
1339,1,4,39660000.0,1,0,36,139000,13000,78000,20000,13000,36000,3,7,1,3,9,0,0,0,0,0,0,3,11,1
1340,1,0,50127000.0,0,1,88,274000,0,21000,4000,6000,15000,1,5,1,6,6,0,1,0,0,0,0,3,11,0
1341,2,5,43263000.0,0,1,2,262000,6000,61000,0,10000,102000,3,5,2,6,5,0,0,0,0,0,0,3,11,0
1342,2,5,62845000.0,1,1,3,1099000,0,45000,0,0,34000,11,3,4,10,8,0,1,0,0,0,0,3,11,1
1343,1,5,18929000.0,0,0,15,32000,0,8000,23000,4000,18000,1,1,0,4,6,0,0,0,0,0,0,3,11,0
1344,4,4,24367000.0,1,0,58,2000,4000,2000,0,11000,5000,1,1,0,2,9,0,0,0,0,0,0,3,11,0
1345,1,4,33249000.0,1,0,11,6000,10000,21000,19000,14000,42000,2,2,1,3,6,0,0,0,0,0,0,3,11,0
1346,0,5,26887000.0,0,1,27,6000,7000,4000,3000,4000,6000,1,1,0,3,6,0,0,0,0,0,0,3,11,0
1347,3,5,50150000.0,0,0,32,135000,46000,92000,65000,61000,11000,2,5,2,7,5,0,0,0,0,0,0,3,11,0
1348,1,0,62061000.0,0,1,12,641000,7000,84000,0,30000,38000,3,10,4,7,6,0,1,0,0,0,0,3,11,0
1349,3,1,85696000.0,0,0,88,714000,76000,395000,116000,0,12000,1,4,6,9,1,0,0,0,0,0,0,3,11,1
1350,3,0,76542000.0,0,0,91,794000,73000,573000,0,29000,14000,1,4,8,10,2,0,0,0,0,0,0,3,11,0
1351,1,4,70515000.0,0,0,12,420000,0,452000,182000,64000,140000,1,6,6,4,2,0,0,0,0,0,0,3,11,1
1352,1,0,18227000.0,1,0,21,1000,2000,7000,4000,3000,11000,1,0,1,2,8,0,0,0,0,0,0,3,11,0
1353,1,5,69139000.0,0,1,23,86000,12000,75000,33000,15000,6000,1,4,1,5,4,0,0,0,0,0,0,3,11,0
1354,1,5,69109000.0,0,0,10,823000,25000,459000,124000,29000,95000,1,6,6,7,4,0,0,1,0,0,0,3,11,1
1355,1,4,69627000.0,0,1,35,231000,161000,215000,171000,30000,53000,2,8,2,11,5,0,0,0,0,0,0,3,11,0
1356,1,5,38136000.0,1,0,69,8000,15000,27000,0,20000,33000,2,3,1,2,8,1,0,0,0,0,0,3,11,0
1357,3,4,62159000.0,0,0,68,182000,17000,259000,77000,70000,29000,1,6,2,10,4,0,0,0,0,0,0,3,11,0
1358,1,4,80695000.0,0,0,85,557000,129000,984000,193000,37000,18000,1,5,8,5,2,0,0,0,0,0,0,3,11,0
1359,2,4,33316000.0,1,1,34,79000,1000,31000,4000,4000,12000,3,2,1,4,6,0,0,0,0,0,0,3,11,0
1360,1,0,58554000.0,1,1,55,368000,24000,68000,38000,0,88000,6,8,2,6,7,0,0,0,0,0,0,3,11,0
1361,4,5,17256000.0,1,0,10,6000,4000,14000,8000,8000,22000,2,2,1,2,8,1,0,0,0,0,0,3,11,0
1362,1,1,53034000.0,1,1,30,160000,15000,196000,15000,11000,50000,8,6,1,7,8,0,0,0,0,0,0,3,11,0
1363,0,0,52203000.0,0,0,36,488000,21000,238000,56000,108000,28000,1,8,7,11,6,0,0,0,0,0,0,3,11,0
1364,0,1,59601000.0,0,1,14,691000,7000,69000,0,7000,23000,4,2,2,7,8,0,1,0,0,0,0,3,11,0
1365,2,4,75154000.0,0,1,79,543000,10000,205000,160000,143000,82000,1,6,3,6,3,0,0,0,0,0,0,3,11,1
1366,1,4,47025000.0,0,1,52,254000,7000,108000,20000,0,26000,3,6,3,5,6,0,0,0,0,0,0,3,11,0
1367,1,5,37971000.0,1,0,97,5000,4000,10000,2000,2000,7000,1,1,0,3,8,0,0,0,0,0,0,3,11,0
1368,2,1,41335000.0,1,0,24,112000,19000,21000,16000,14000,5000,3,4,1,4,7,0,0,0,0,0,0,3,11,0
1369,1,5,67267000.0,0,1,0,134000,11000,59000,15000,2000,30000,1,3,2,5,2,0,0,0,0,0,0,3,11,0
1370,1,4,57338000.0,0,1,96,143000,6000,52000,11000,8000,17000,2,4,1,5,5,0,0,0,0,0,0,3,11,0
1371,0,0,50523000.0,1,1,89,51000,4000,24000,4000,7000,1000,2,2,0,4,6,0,0,0,0,0,0,3,11,0
1372,2,4,35791000.0,2,1,94,27000,0,5000,0,0,3000,2,1,0,3,8,0,0,0,0,0,0,3,11,0
1373,3,1,50611000.0,0,1,98,459000,0,24000,6000,0,4000,6,4,5,7,6,0,1,0,0,0,0,3,11,0
1374,3,5,56242000.0,0,1,72,689000,8000,167000,11000,8000,88000,5,8,4,11,6,0,0,0,0,0,0,3,11,0
1375,1,4,48904000.0,0,1,1,283000,10000,38000,0,13000,27000,4,7,2,4,8,0,0,0,0,0,0,3,11,0
1376,1,4,56243000.0,1,2,26,347000,0,35000,4000,3000,7000,6,4,2,8,5,0,0,0,0,0,0,3,11,0
1377,1,5,21355000.0,1,0,5,5000,13000,14000,0,5000,31000,2,2,1,2,6,1,0,0,0,0,0,3,11,1
1378,2,0,57420000.0,0,1,22,280000,0,18000,0,0,24000,3,5,1,6,7,0,1,0,0,0,0,3,11,0
1379,2,0,0.0,0,1,39,187000,5000,65000,26000,20000,14000,2,4,2,6,5,0,0,0,0,0,0,3,11,0
1380,2,1,46390000.0,0,1,56,95000,14000,64000,2000,9000,38000,1,4,2,3,7,0,0,0,0,0,0,3,11,0
1381,0,0,54342000.0,1,1,74,84000,10000,34000,11000,10000,28000,4,3,1,4,6,0,0,0,0,0,0,3,11,0
1382,1,0,0.0,1,1,87,19000,4000,12000,2000,2000,6000,1,1,0,3,5,0,0,0,0,0,0,3,11,0
1383,0,4,0.0,1,1,49,5000,1000,9000,2000,0,4000,1,1,0,2,7,0,0,0,0,0,0,3,11,0
1384,1,5,20895000.0,1,0,24,18000,3000,17000,3000,0,4000,1,2,0,3,9,0,0,0,0,0,0,3,11,0
1385,1,5,92344000.0,0,0,9,992000,24000,694000,51000,19000,119000,0,5,10,5,1,1,0,1,0,0,0,3,11,0
1386,3,0,0.0,1,0,17,25000,1000,13000,0,0,3000,1,1,0,3,7,0,0,0,0,0,0,3,11,0
1387,0,0,26907000.0,1,1,10,9000,1000,7000,0,3000,2000,2,1,0,3,7,0,0,0,0,0,0,3,11,0
1388,1,0,44964000.0,1,1,35,19000,1000,17000,2000,0,2000,1,1,0,3,8,0,0,0,0,0,0,3,11,0
1389,1,0,75507000.0,0,0,56,709000,93000,374000,104000,80000,80000,1,8,6,6,3,0,0,0,0,0,0,3,11,0
1390,2,5,53761000.0,1,1,7,158000,0,76000,13000,7000,71000,6,4,4,3,5,0,0,0,0,0,0,3,11,0
1391,1,0,22682000.0,1,0,51,10000,14000,29000,4000,2000,36000,3,2,1,4,4,0,0,0,0,0,0,3,11,0
1392,3,0,38887000.0,1,0,17,25000,1000,13000,0,0,3000,1,1,0,3,7,0,0,0,0,0,0,3,11,0
1393,0,4,41658000.0,1,1,30,8000,4000,12000,15000,4000,29000,2,1,1,2,4,0,0,0,0,0,0,3,11,0
1394,3,5,29791000.0,1,0,21,14000,0,6000,0,0,0,2,2,0,3,5,0,0,0,0,0,0,3,11,0
1395,2,5,63915000.0,0,2,2,622000,7000,115000,30000,0,15000,2,6,3,12,5,0,0,0,0,0,0,3,11,0
1396,1,1,39996000.0,1,1,85,11000,0,3000,0,0,1000,1,1,0,2,6,0,0,0,0,0,0,3,11,0
1397,1,1,26759000.0,1,0,65,25000,3000,16000,8000,5000,2000,2,2,1,3,6,0,0,0,0,0,0,3,11,0
1398,2,1,63841000.0,0,1,64,635000,15000,100000,20000,7000,131000,1,9,3,9,6,0,0,0,0,0,0,3,11,0
1399,3,5,51039000.0,1,1,11,100000,64000,79000,65000,0,109000,2,6,2,4,7,0,0,0,0,0,0,3,11,0
1400,1,5,60544000.0,1,1,92,201000,2000,43000,3000,5000,35000,4,5,1,5,6,0,0,0,0,0,0,3,11,0
1401,1,5,65685000.0,0,1,54,642000,14000,49000,0,7000,57000,1,9,2,9,5,0,0,0,0,0,0,3,11,0
1402,1,5,37716000.0,0,1,4,97000,1000,41000,6000,2000,41000,2,4,1,3,7,0,0,0,0,0,0,3,11,0
1403,1,4,36864000.0,0,1,53,204000,5000,39000,17000,0,89000,3,5,2,4,8,0,0,0,0,0,0,3,11,1
1404,2,5,44511000.0,1,0,39,513000,7000,133000,46000,14000,14000,6,8,4,8,8,0,0,0,0,0,0,3,11,0
1405,3,5,36947000.0,1,1,49,88000,3000,21000,4000,1000,29000,4,3,0,4,9,0,0,0,0,0,0,3,11,0
1406,2,0,47352000.0,0,1,70,172000,12000,112000,8000,0,15000,4,6,1,5,7,0,0,0,0,0,0,3,11,0
1407,2,5,67087000.0,0,1,40,329000,35000,222000,130000,35000,43000,2,7,5,8,4,0,0,0,0,0,0,3,11,0
1408,1,5,57045000.0,0,1,40,296000,13000,104000,11000,13000,17000,3,4,2,9,3,0,0,0,0,0,0,3,11,0
1409,3,1,36957000.0,1,1,43,100000,2000,16000,2000,1000,31000,4,3,2,2,9,0,0,0,0,0,0,3,11,1
1410,3,5,69389000.0,0,1,17,422000,7000,238000,69000,46000,15000,1,7,2,12,4,0,0,0,0,0,0,3,11,0
1411,1,5,80134000.0,1,0,40,1218000,16000,272000,104000,0,80000,2,5,3,6,6,0,1,1,1,0,0,3,11,1
1412,2,5,43142000.0,1,1,84,5000,1000,7000,2000,1000,4000,1,1,0,2,7,0,0,0,0,0,0,3,11,0
1413,1,5,80589000.0,0,0,25,507000,93000,520000,242000,40000,26000,1,5,10,5,1,0,0,0,1,0,0,3,11,1
1414,1,4,34412000.0,1,0,62,52000,12000,50000,4000,36000,55000,3,5,0,3,9,0,0,0,0,0,0,3,11,0
1415,1,4,57537000.0,1,0,83,191000,56000,139000,51000,8000,100000,4,4,3,8,4,0,0,0,0,0,0,3,11,0
1416,4,0,22634000.0,0,0,47,2000,23000,11000,8000,6000,46000,1,2,1,2,8,0,0,0,0,0,0,3,11,0
1417,1,0,51315000.0,0,0,45,68000,28000,39000,16000,30000,41000,1,2,2,5,2,0,0,0,0,0,0,3,11,0
1418,1,5,36026000.0,2,1,34,20000,4000,10000,6000,4000,17000,2,2,0,3,6,0,0,0,0,0,0,3,11,0
1419,1,5,24639000.0,1,1,3,20000,3000,16000,0,4000,1000,3,2,0,4,6,0,0,0,0,0,0,3,11,0
1420,3,0,34578000.0,2,1,1,7000,0,1000,0,0,0,1,1,0,2,6,0,0,0,0,0,0,3,11,0
1421,0,4,65704000.0,0,0,18,279000,172000,74000,38000,8000,246000,1,2,10,10,1,0,0,0,0,0,0,3,11,0
1422,1,4,63810000.0,0,1,45,977000,12000,253000,16000,12000,101000,4,4,3,12,8,0,1,0,0,0,0,3,11,0
1423,3,0,54132000.0,0,1,81,30000,1000,8000,0,0,3000,1,1,0,3,7,0,0,0,0,0,0,3,11,0
1424,1,5,18690000.0,0,0,77,6000,1000,7000,23000,4000,19000,1,1,1,2,8,0,0,0,0,0,0,3,11,0
1425,1,5,28164000.0,1,0,23,3000,18000,26000,11000,8000,12000,3,2,0,4,7,0,0,0,0,0,0,3,11,0
1426,3,5,34596000.0,1,0,48,14000,0,2000,0,0,7000,1,1,0,2,8,0,0,0,0,0,0,3,11,0
1427,3,5,43269000.0,1,0,61,10000,1000,7000,0,0,1000,1,1,0,2,8,0,0,0,0,0,0,3,11,0
1428,0,4,38741000.0,1,1,60,7000,10000,17000,8000,6000,13000,2,2,0,3,7,0,0,0,0,0,0,3,11,0
1429,1,4,31907000.0,0,0,75,33000,87000,64000,175000,16000,74000,1,6,1,6,7,0,0,0,0,0,0,3,11,0
1430,2,5,27100000.0,1,0,64,12000,0,13000,2000,0,10000,1,1,0,3,7,0,0,0,0,0,0,3,11,0
1431,0,1,31163000.0,1,0,54,2000,3000,10000,11000,2000,10000,1,1,0,3,6,0,0,0,0,0,0,3,11,0
1432,1,5,92533000.0,0,0,84,693000,21000,118000,110000,147000,42000,1,6,5,11,2,0,0,1,1,0,0,3,11,0
1433,1,4,34853000.0,1,1,75,9000,3000,15000,2000,3000,2000,2,2,0,3,6,0,0,0,0,0,0,3,11,0
1434,1,1,70844000.0,1,1,16,129000,26000,67000,3000,67000,2000,5,6,1,5,7,0,0,0,0,0,0,3,11,0
1435,0,5,31086000.0,1,1,79,16000,2000,11000,3000,0,16000,2,1,1,2,8,1,0,0,0,0,0,3,11,0
1436,1,5,60544000.0,1,1,92,201000,2000,43000,3000,5000,35000,4,5,1,5,6,0,0,0,0,0,0,3,11,0
1437,0,0,20491000.0,0,0,16,5000,4000,5000,4000,2000,10000,1,0,1,2,7,0,0,0,0,0,0,3,11,0
1438,1,5,42523000.0,0,0,96,14000,36000,11000,3000,26000,35000,1,1,1,4,2,0,0,0,0,0,0,3,11,0
1439,1,5,39922000.0,1,0,30,29000,12000,59000,19000,1000,36000,2,3,0,4,8,0,0,0,0,0,0,3,11,0
1440,1,0,33402000.0,1,1,60,26000,2000,19000,10000,5000,8000,3,2,1,3,8,0,0,0,0,0,0,3,11,0
1441,2,5,36408000.0,1,1,11,9000,1000,4000,3000,2000,3000,1,1,0,2,6,0,0,0,0,0,0,3,11,0
1442,1,0,21645000.0,1,0,75,14000,0,23000,4000,5000,19000,3,3,0,3,9,0,0,0,0,0,0,3,11,1
1443,2,3,78427000.0,0,0,36,972000,19000,595000,180000,26000,138000,3,3,7,10,3,0,0,0,1,0,0,3,11,1
1444,1,0,82657000.0,0,0,71,966000,168000,672000,246000,105000,126000,1,7,5,10,4,0,1,0,1,0,0,3,11,0
1445,1,5,51876000.0,0,0,88,99000,27000,102000,28000,48000,6000,1,2,2,8,1,0,0,0,0,0,0,3,11,0
1446,0,5,78041000.0,0,0,93,482000,35000,553000,72000,160000,17000,1,4,4,9,2,0,0,0,0,0,0,3,11,0
1447,1,5,52852000.0,0,1,93,714000,8000,99000,11000,0,47000,4,10,7,5,8,1,0,0,0,0,0,3,11,0
1448,3,0,70038000.0,0,0,54,587000,54000,348000,71000,54000,130000,1,4,4,8,2,0,0,0,0,0,0,3,11,0
1449,0,0,69401000.0,0,1,41,399000,27000,159000,58000,8000,39000,4,4,4,5,2,0,0,0,0,0,0,3,11,0
1450,1,0,46053000.0,1,0,46,56000,10000,92000,19000,7000,25000,3,3,2,4,5,0,0,0,0,0,0,3,11,0
1451,1,5,77343000.0,0,0,28,227000,151000,573000,98000,54000,31000,1,3,4,9,1,0,0,0,0,0,0,3,11,0
1452,1,4,73892000.0,0,0,40,703000,102000,601000,0,58000,43000,1,3,11,8,1,0,0,0,0,0,0,3,11,1
1453,3,4,40304000.0,1,0,82,37000,0,17000,0,0,3000,1,2,0,3,7,0,0,0,0,0,0,3,11,0
1454,3,0,32727000.0,0,0,38,167000,13000,180000,86000,13000,70000,2,7,3,5,8,0,0,0,0,0,0,3,11,0
1455,1,0,68695000.0,0,0,3,458000,81000,356000,106000,50000,40000,1,4,4,7,2,0,0,0,0,0,0,3,11,0
1456,1,1,43300000.0,0,1,87,91000,3000,52000,2000,1000,31000,3,4,0,4,8,0,0,0,0,0,0,3,11,1
1457,1,0,26290000.0,1,1,49,15000,8000,16000,11000,5000,22000,4,2,0,4,6,0,0,0,0,0,0,3,11,0
1458,1,4,93790000.0,0,0,16,1302000,68000,731000,89000,114000,45000,0,6,7,12,2,0,1,1,1,0,0,3,11,1
1459,3,5,38410000.0,0,0,65,153000,64000,123000,116000,64000,14000,2,5,2,9,6,0,0,0,0,0,0,3,11,1
1460,2,3,64866000.0,0,1,9,508000,5000,21000,7000,5000,10000,4,7,3,7,5,0,1,0,0,0,0,3,11,0
1461,1,0,57957000.0,0,1,24,290000,59000,177000,77000,5000,29000,7,4,6,8,3,0,0,0,0,0,1,3,11,0
1462,3,0,46015000.0,1,1,25,38000,0,2000,0,0,6000,1,1,0,3,7,1,0,0,0,1,0,3,11,0
1463,1,0,16531000.0,1,0,43,2000,13000,6000,7000,5000,11000,3,3,0,3,7,0,0,0,0,0,0,3,11,0
1464,2,5,28072000.0,1,0,10,30000,0,10000,2000,0,5000,1,1,0,3,7,0,0,0,0,0,0,3,11,0
1465,2,1,49476000.0,0,1,29,386000,23000,95000,54000,41000,196000,4,2,11,5,2,0,0,0,0,0,0,3,11,0
1466,1,5,50725000.0,0,1,45,443000,10000,75000,0,10000,48000,4,8,1,8,8,0,0,0,0,0,0,3,11,0
1467,1,0,83844000.0,0,0,57,901000,31000,345000,75000,31000,191000,1,4,4,11,1,0,0,1,0,0,0,3,11,0
1468,3,5,41145000.0,1,1,20,9000,0,3000,0,0,1000,1,0,0,3,3,0,0,0,0,0,0,3,11,0
1469,1,0,67419000.0,0,1,29,846000,84000,352000,91000,56000,42000,4,9,4,8,5,0,0,0,0,0,0,3,11,0
1470,0,5,23162000.0,1,1,82,8000,3000,9000,19000,4000,22000,3,1,1,3,6,0,0,0,0,0,0,3,11,0
1471,1,5,34380000.0,1,0,68,72000,7000,58000,13000,1000,24000,4,4,1,3,8,0,0,0,0,0,0,3,11,0
1472,1,4,34704000.0,0,1,65,29000,0,5000,0,1000,5000,1,1,0,3,5,0,0,0,0,0,0,3,11,0
1473,3,5,94871000.0,0,2,99,169000,24000,553000,188000,0,144000,1,8,5,4,7,0,1,1,0,0,0,3,11,1
1474,1,5,65148000.0,0,1,9,460000,35000,422000,33000,12000,153000,2,6,6,7,4,0,0,0,0,0,0,3,11,0
1475,1,0,39898000.0,0,1,20,69000,8000,26000,12000,7000,12000,2,3,0,4,7,0,0,0,0,0,0,3,11,0
1476,2,4,64857000.0,0,0,78,556000,14000,717000,210000,0,43000,1,7,5,10,4,0,0,0,0,0,0,3,11,0
1477,3,5,59892000.0,0,1,26,73000,0,13000,0,1000,0,1,2,1,3,3,0,0,0,0,0,0,3,11,0
1478,2,4,41020000.0,0,0,68,112000,1000,54000,7000,7000,36000,1,3,2,4,3,0,0,0,0,0,0,3,11,0
1479,3,5,57072000.0,0,1,79,944000,0,60000,0,0,30000,2,7,5,13,5,1,0,0,0,0,0,3,11,0
1480,1,4,60474000.0,0,1,25,265000,199000,303000,234000,9000,170000,7,10,2,12,7,0,0,0,0,0,0,3,11,0
1481,1,0,62807000.0,0,1,83,526000,28000,135000,10000,21000,99000,3,5,3,12,5,0,0,0,0,0,0,3,11,0
1482,0,0,19414000.0,1,0,32,2000,3000,12000,3000,5000,7000,1,1,0,3,8,0,0,0,0,0,0,3,11,0
1483,1,5,19107000.0,1,0,49,2000,4000,9000,10000,5000,16000,2,1,0,3,7,0,0,0,0,0,0,3,11,0
1484,0,0,75484000.0,0,1,50,378000,97000,259000,197000,194000,34000,2,7,3,6,4,0,0,0,0,0,0,3,11,0
1485,2,4,70379000.0,0,1,84,553000,25000,142000,65000,67000,8000,3,6,3,13,4,0,0,0,0,0,0,3,11,0
1486,2,0,79419000.0,0,0,96,751000,127000,687000,20000,15000,31000,1,4,6,4,2,0,0,0,0,0,0,3,11,0
1487,3,0,64014000.0,2,1,56,406000,0,30000,0,0,8000,7,8,2,5,7,0,0,0,1,0,0,3,11,0
1488,1,5,76998000.0,0,1,85,1449000,89000,161000,69000,35000,107000,2,11,8,8,6,0,0,1,0,0,0,3,11,0
1489,2,0,49854000.0,1,0,63,123000,17000,171000,39000,0,30000,5,6,2,5,6,0,0,0,0,0,0,3,11,0
1490,3,5,60585000.0,1,1,17,267000,42000,309000,55000,42000,21000,10,7,4,9,5,0,0,0,0,0,0,3,11,1
1491,3,1,42873000.0,1,1,11,209000,0,40000,3000,2000,15000,4,6,1,4,8,0,0,0,0,0,0,3,11,0
1492,1,0,87679000.0,0,0,62,1259000,172000,815000,97000,148000,33000,1,7,11,10,4,1,0,1,1,0,0,3,11,1
1493,1,0,57867000.0,1,0,48,344000,35000,178000,15000,23000,17000,7,7,2,9,6,0,0,0,0,0,0,3,11,0
1494,1,5,35765000.0,1,0,86,22000,3000,30000,0,5000,15000,2,2,0,4,6,0,0,0,0,0,0,3,11,0
1495,1,5,65492000.0,0,0,73,247000,161000,295000,210000,85000,47000,2,4,7,13,2,0,0,0,0,0,0,3,11,0
1496,1,1,32952000.0,1,0,36,38000,0,12000,3000,1000,1000,1,2,0,3,7,0,0,0,0,0,0,3,11,0
1497,3,0,53374000.0,0,1,34,896000,10000,101000,13000,10000,34000,6,4,2,9,9,1,0,0,0,0,0,3,11,1
1498,1,0,71706000.0,0,1,16,931000,56000,253000,91000,98000,14000,4,9,5,7,5,0,0,0,0,0,0,3,11,0
1499,1,5,68487000.0,0,0,48,758000,12000,385000,33000,89000,89000,1,9,7,13,4,0,0,0,0,0,0,3,11,0
1500,2,0,53253000.0,1,1,61,216000,9000,57000,20000,9000,125000,7,4,3,5,5,0,0,0,0,0,0,3,11,0
1501,0,1,31163000.0,1,0,54,2000,3000,10000,11000,2000,10000,1,1,0,3,6,0,0,0,0,0,0,3,11,0
1502,1,5,42014000.0,1,0,56,244000,15000,108000,4000,15000,50000,6,7,1,6,8,0,0,0,0,0,0,3,11,1
1503,2,5,54108000.0,1,1,74,539000,6000,91000,8000,6000,97000,13,8,2,9,8,0,0,0,0,0,0,3,11,0
1504,3,4,49667000.0,0,0,35,1181000,26000,120000,17000,13000,39000,2,5,10,5,8,1,0,0,0,0,0,3,11,1
1505,2,5,63206000.0,0,0,65,750000,8000,125000,11000,8000,26000,1,4,3,6,2,0,0,1,0,0,0,3,11,0
1506,2,5,57136000.0,1,1,48,306000,5000,109000,21000,109000,92000,9,5,2,10,6,0,0,0,0,0,0,3,11,0
1507,0,0,46772000.0,0,1,88,350000,104000,189000,197000,151000,57000,6,11,8,5,8,1,0,0,0,0,0,3,11,0
1508,3,5,78931000.0,0,0,19,331000,197000,170000,58000,152000,35000,1,2,8,13,1,0,0,0,0,0,0,3,11,0
1509,1,0,53977000.0,0,1,21,620000,16000,165000,0,24000,82000,5,5,5,12,5,0,0,0,0,0,0,3,11,0
1510,1,5,84219000.0,0,0,27,434000,137000,400000,45000,137000,45000,1,3,4,10,1,0,0,0,0,0,0,3,11,0
1511,2,4,46098000.0,1,1,86,57000,0,27000,0,0,36000,4,3,2,2,8,0,0,0,0,0,0,3,11,0
1512,1,5,73538000.0,0,1,92,811000,76000,428000,99000,137000,107000,3,10,4,9,7,0,0,0,0,0,0,3,11,0
1513,1,5,79529000.0,0,0,1,423000,42000,706000,73000,197000,197000,1,4,8,9,2,0,0,0,0,0,0,3,11,0
1514,0,0,20981000.0,0,0,14,2000,12000,10000,6000,13000,30000,1,3,1,2,8,0,0,0,0,0,0,3,11,1
1515,1,4,51766000.0,1,0,74,60000,51000,87000,6000,20000,51000,2,4,2,4,5,0,0,0,0,0,0,3,11,0
1516,1,5,55759000.0,0,1,84,675000,0,85000,10000,7000,77000,5,10,3,8,8,0,0,0,0,0,0,3,11,0
1517,1,5,33039000.0,1,0,4,30000,8000,12000,8000,8000,12000,1,2,0,4,5,0,0,0,0,0,0,3,11,0
1518,2,5,37787000.0,1,0,50,40000,1000,40000,4000,3000,18000,1,3,0,3,8,0,0,0,0,0,0,3,11,0
1519,1,4,27242000.0,1,0,2,3000,17000,26000,20000,1000,39000,2,2,0,3,9,0,0,0,0,0,0,3,11,1
1520,3,4,87188000.0,0,0,73,910000,111000,724000,49000,74000,55000,1,10,2,6,3,0,0,0,0,0,0,3,11,1
1521,1,0,69930000.0,0,0,21,252000,98000,827000,219000,70000,196000,1,4,5,12,3,0,0,0,0,0,0,3,11,0
1522,1,4,37697000.0,1,0,82,34000,6000,21000,11000,4000,8000,1,2,1,3,6,0,0,0,0,0,0,3,11,0
1523,3,5,37401000.0,1,0,14,19000,3000,19000,3000,1000,3000,2,2,0,3,7,0,0,0,0,0,0,3,11,0
1524,1,4,3502000.0,1,0,56,2000,1000,1000,0,0,1000,0,0,0,0,14,0,0,0,0,0,0,3,11,0
1525,1,5,58597000.0,1,1,20,490000,0,184000,10000,28000,21000,12,7,4,9,7,0,0,0,0,0,0,3,11,0
1526,3,3,82032000.0,0,0,54,332000,194000,377000,149000,125000,57000,0,4,6,7,1,0,0,0,0,0,0,3,11,0
1527,1,0,28087000.0,1,1,77,53000,8000,17000,13000,0,21000,3,2,2,2,7,0,0,0,0,0,0,3,11,0
1528,3,4,74004000.0,0,0,5,784000,48000,560000,42000,176000,48000,1,4,6,4,3,0,0,1,1,0,0,3,11,1
1529,1,0,19740000.0,0,1,65,7000,11000,3000,10000,4000,20000,2,1,1,3,5,0,0,0,0,0,0,3,11,0
1530,0,5,57036000.0,0,1,33,1171000,43000,219000,19000,14000,47000,4,6,3,13,9,1,0,0,0,0,0,3,11,0
1531,0,0,53083000.0,1,1,65,215000,7000,33000,3000,0,13000,6,5,1,5,7,0,1,0,0,0,0,3,11,0
1532,3,5,69283000.0,0,1,41,674000,62000,134000,0,26000,8000,4,7,3,13,5,0,0,0,0,0,0,3,11,0
1533,2,4,46098000.0,1,1,86,57000,0,27000,0,0,36000,4,3,2,2,8,0,0,0,0,0,0,3,11,1
1534,0,5,23331000.0,1,0,92,5000,36000,7000,0,10000,45000,2,3,0,3,8,0,0,0,0,0,0,3,11,0
1535,0,4,23331000.0,1,0,97,104000,20000,101000,24000,15000,5000,6,5,1,5,9,0,0,0,0,0,0,3,11,0
1536,1,4,9255000.0,1,0,91,9000,0,7000,2000,0,4000,1,1,1,2,8,0,0,0,0,0,0,3,11,0
1537,3,3,67786000.0,0,0,0,431000,82000,441000,80000,20000,102000,1,3,6,6,1,0,0,0,0,0,0,3,11,1
1538,3,5,71969000.0,0,1,59,1000000,0,76000,0,0,10000,3,3,4,9,8,0,1,0,0,0,0,3,11,0
1539,2,4,59235000.0,1,0,4,448000,40000,469000,80000,0,91000,3,11,2,12,7,0,0,0,0,0,0,3,11,0
1540,1,0,31928000.0,1,0,5,33000,4000,24000,4000,2000,5000,2,3,0,4,7,0,0,0,0,0,0,3,11,0
1541,2,0,74881000.0,1,1,48,505000,72000,270000,36000,27000,54000,4,9,2,12,5,0,0,0,0,0,0,3,11,0
1542,1,5,65819000.0,0,0,99,267000,38000,701000,149000,165000,63000,1,5,4,10,3,0,0,0,0,0,0,3,11,0
1543,3,4,51411000.0,1,2,81,14000,0,3000,0,0,1000,1,0,0,3,5,0,0,0,0,0,0,3,11,0
1544,1,1,51983000.0,0,1,95,631000,0,115000,10000,7000,30000,3,9,2,10,7,0,0,0,0,0,0,3,11,0
1545,2,0,42386000.0,1,0,43,65000,4000,16000,0,4000,11000,1,3,0,3,8,0,0,0,0,0,0,3,11,0
1546,0,5,30390000.0,0,0,5,10000,12000,12000,25000,1000,20000,1,2,0,3,6,0,0,0,0,0,0,3,11,0
1547,1,4,30983000.0,0,0,50,51000,4000,50000,12000,1000,49000,1,4,0,3,8,0,0,0,0,0,0,3,11,1
1548,1,3,66033000.0,0,1,76,293000,35000,179000,46000,59000,65000,2,8,3,7,7,0,0,0,0,0,0,3,11,0
1549,0,5,37284000.0,1,1,46,11000,1000,2000,2000,1000,6000,1,0,0,3,6,0,0,0,0,0,0,3,11,0
1550,2,1,57530000.0,0,1,68,50000,1000,27000,6000,7000,1000,1,1,1,4,1,0,0,0,0,0,0,3,11,0
1551,0,5,76800000.0,0,0,33,173000,26000,255000,35000,71000,81000,1,4,4,7,1,0,0,0,0,0,0,3,11,0
1552,1,5,63943000.0,0,1,50,423000,184000,368000,13000,97000,21000,1,6,4,6,5,0,0,0,0,0,0,3,11,0
1553,1,0,76081000.0,0,0,85,292000,30000,415000,63000,33000,200000,1,4,5,4,2,0,0,0,1,0,0,3,11,0
1554,1,5,67445000.0,0,1,63,757000,80000,217000,29000,80000,11000,5,9,6,12,6,0,0,0,0,0,0,3,11,0
1555,2,5,37054000.0,1,1,89,12000,1000,6000,0,1000,5000,2,1,0,3,7,0,0,0,0,0,0,3,11,0
1556,2,0,47175000.0,1,1,81,167000,2000,44000,6000,2000,19000,7,4,2,4,8,1,0,0,0,0,0,3,11,1
1557,1,1,31859000.0,1,0,77,3000,1000,3000,8000,0,5000,1,1,0,2,7,0,0,0,0,0,0,3,11,0
1558,1,1,27215000.0,2,1,50,30000,5000,22000,8000,9000,28000,4,2,1,4,6,0,0,0,0,0,0,3,11,0
1559,3,1,70179000.0,0,1,10,532000,88000,168000,69000,44000,133000,3,7,3,13,5,0,0,0,0,0,0,3,11,0
1560,1,5,39922000.0,1,0,30,29000,12000,59000,19000,1000,36000,2,3,0,4,8,0,0,0,0,0,0,3,11,0
1561,2,5,49681000.0,0,2,66,411000,0,26000,0,0,21000,6,7,1,7,7,0,0,0,0,0,0,3,11,0
1562,1,5,24645000.0,1,0,16,5000,3000,4000,4000,1000,0,1,1,0,2,8,0,0,0,0,0,0,3,11,0
1563,1,1,79865000.0,0,1,12,71000,99000,278000,185000,121000,38000,1,5,10,5,1,0,0,0,0,0,0,3,11,0
1564,1,5,44322000.0,1,0,30,46000,0,40000,3000,0,3000,2,3,0,3,8,0,0,0,0,0,0,3,11,0
1565,1,4,47958000.0,0,1,8,268000,11000,88000,15000,3000,22000,2,6,3,5,5,0,0,0,0,0,0,3,11,0
1566,2,4,63972000.0,0,1,93,928000,63000,254000,0,12000,12000,4,5,4,10,4,0,1,0,0,0,0,3,11,0
1567,1,0,75315000.0,0,1,14,459000,15000,171000,142000,23000,31000,2,5,4,12,2,0,0,0,0,0,0,3,11,0
1568,3,5,55517000.0,1,1,53,483000,0,108000,0,6000,36000,5,11,1,6,9,0,0,0,0,0,0,3,11,1
1569,3,5,75283000.0,1,2,26,733000,9000,180000,12000,19000,66000,11,6,3,5,4,0,0,0,0,0,0,3,11,0
1570,3,4,82800000.0,0,0,23,1006000,22000,115000,59000,68000,45000,1,7,6,12,3,0,0,1,1,0,0,3,11,1
1571,1,5,38998000.0,1,1,92,34000,1000,14000,0,0,5000,3,2,0,3,8,0,0,0,0,0,1,3,11,0
1572,2,4,90638000.0,0,0,29,1156000,120000,915000,94000,144000,96000,1,3,4,10,1,0,0,1,0,0,0,3,11,1
1573,2,5,27161000.0,1,0,41,7000,4000,23000,7000,0,11000,1,1,0,3,7,0,0,0,0,0,0,3,11,0
1574,1,5,42014000.0,1,0,56,244000,15000,108000,4000,15000,50000,6,7,1,6,8,0,0,0,0,0,0,3,11,1
1575,3,0,38201000.0,0,1,19,233000,0,23000,0,0,12000,4,5,1,5,8,0,0,0,0,0,0,3,11,0
1576,1,0,45203000.0,2,0,4,35000,3000,67000,10000,8000,24000,1,3,1,3,6,0,0,0,0,0,0,3,11,1
1577,3,0,81574000.0,0,0,89,1252000,0,465000,46000,35000,0,1,4,5,8,1,0,1,1,0,0,0,3,11,0
1578,1,5,34935000.0,0,0,71,34000,4000,66000,3000,10000,20000,1,2,1,4,7,0,0,0,0,0,0,3,11,0
1579,2,4,60482000.0,0,1,81,255000,43000,134000,37000,14000,24000,1,7,2,7,7,0,0,0,0,0,0,3,11,0
1580,1,0,34633000.0,2,1,31,8000,1000,5000,0,0,1000,1,1,0,2,6,0,0,0,0,0,0,3,11,0
1581,2,0,78093000.0,0,0,53,368000,32000,639000,13000,43000,10000,1,4,7,5,1,0,0,0,0,0,0,3,11,0
1582,1,1,82460000.0,0,0,78,255000,47000,573000,52000,32000,15000,1,5,3,6,1,0,0,0,0,0,0,3,11,0
1583,2,0,45903000.0,0,1,80,33000,8000,10000,2000,10000,3000,2,2,1,3,4,0,0,0,0,0,0,3,11,0
1584,1,1,81361000.0,0,0,18,163000,23000,424000,27000,65000,76000,1,3,10,13,1,0,0,0,0,0,0,3,11,1
1585,3,1,35860000.0,1,1,37,15000,0,8000,4000,2000,20000,2,1,1,2,5,1,0,0,0,0,0,3,11,1
1586,2,0,40442000.0,1,1,52,45000,12000,52000,25000,22000,13000,4,3,1,4,7,0,0,0,0,0,0,3,11,1
1587,1,5,61482000.0,0,0,39,48000,58000,68000,16000,66000,43000,1,3,2,6,2,0,0,0,0,0,0,3,11,0
1588,1,5,34968000.0,1,0,11,158000,6000,45000,8000,2000,2000,7,3,2,5,7,0,0,0,0,0,0,3,11,0
1589,1,5,75794000.0,0,0,33,754000,160000,625000,63000,32000,48000,1,7,5,12,3,0,0,0,1,0,0,3,11,0
1590,3,0,31497000.0,0,1,22,108000,1000,28000,13000,1000,4000,2,3,1,4,8,0,0,0,0,0,0,3,11,0
1591,1,5,74268000.0,0,0,83,199000,66000,315000,97000,174000,41000,1,4,3,5,2,0,0,0,0,0,0,3,11,0
1592,4,0,13724000.0,1,0,43,2000,7000,5000,2000,15000,27000,1,2,0,2,9,1,0,0,0,0,0,3,11,0
1593,2,0,45143000.0,0,1,74,202000,5000,74000,11000,5000,14000,3,6,1,5,7,0,0,0,0,0,0,3,11,0
1594,3,4,52569000.0,0,1,54,85000,0,3000,0,0,7000,1,2,0,4,3,0,0,0,0,0,0,3,11,0
1595,3,4,48432000.0,0,1,3,322000,3000,50000,4000,3000,42000,5,7,1,6,8,0,0,0,0,0,0,3,11,1
1596,2,0,17144000.0,1,1,96,18000,2000,19000,0,2000,6000,5,3,0,4,7,0,0,0,0,0,0,3,11,0
1597,1,4,36108000.0,1,0,68,141000,8000,129000,3000,11000,47000,3,7,1,4,9,1,0,0,0,0,0,3,11,0
1598,1,5,76445000.0,1,0,2,739000,107000,309000,140000,80000,35000,1,2,5,13,6,0,0,0,0,0,0,3,11,0
1599,3,5,36663000.0,1,0,40,18000,0,6000,3000,3000,5000,1,1,1,3,2,0,0,0,0,0,0,3,11,0
1600,2,5,53843000.0,0,1,64,378000,0,88000,19000,4000,73000,4,8,5,3,7,0,0,0,0,0,0,3,11,0
1601,2,5,90226000.0,0,0,26,1083000,108000,649000,253000,151000,108000,1,4,7,12,2,0,0,0,1,0,0,3,11,0
1602,2,1,70638000.0,0,0,69,1016000,12000,215000,16000,12000,63000,1,4,5,10,3,0,1,0,0,0,0,3,11,0
1603,1,0,44512000.0,1,1,57,23000,1000,6000,0,0,2000,2,1,0,3,4,0,0,0,0,0,0,3,11,0
1604,1,5,27116000.0,1,1,78,12000,1000,21000,2000,2000,3000,2,2,0,3,7,0,0,0,0,0,0,3,11,0
1605,3,5,54072000.0,1,1,71,35000,0,4000,0,0,0,1,2,0,2,8,0,0,0,0,0,0,3,11,0
1606,1,5,71855000.0,0,1,59,548000,31000,422000,0,112000,28000,4,5,5,11,3,0,0,0,0,0,0,3,11,0
1607,0,4,51250000.0,1,0,28,342000,32000,230000,34000,32000,40000,5,10,5,4,9,1,0,0,0,0,0,3,11,0
1608,2,5,60432000.0,0,1,61,365000,3000,15000,4000,3000,11000,5,7,2,5,6,0,0,0,0,0,0,3,11,0
1609,3,5,65526000.0,0,1,22,397000,19000,69000,12000,0,9000,1,4,4,8,2,0,0,0,0,0,0,3,11,0
1610,1,4,68655000.0,0,0,95,456000,19000,832000,75000,118000,38000,1,4,5,11,3,0,0,0,0,0,0,3,11,0
1611,0,5,12393000.0,0,0,38,5000,6000,15000,11000,7000,13000,1,2,0,3,9,0,0,0,0,0,0,3,11,0
1612,1,4,64509000.0,0,0,19,836000,185000,575000,24000,25000,77000,1,6,3,9,4,1,0,0,0,0,0,3,11,1
1613,1,4,33955000.0,1,0,92,100000,2000,128000,23000,7000,10000,4,5,1,5,8,0,0,0,0,0,0,3,11,0
1614,1,5,31353000.0,1,1,24,10000,0,10000,3000,1000,7000,2,1,1,2,8,0,0,0,0,0,0,3,11,1
1615,1,5,55434000.0,1,0,21,238000,115000,215000,169000,69000,76000,3,5,3,13,4,0,0,0,0,0,0,3,11,0
1616,1,0,28359000.0,1,0,35,6000,0,5000,2000,1000,2000,1,1,0,2,7,0,0,0,0,0,0,3,11,0
1617,1,4,57100000.0,1,0,9,158000,11000,99000,15000,11000,17000,2,3,2,7,3,0,0,0,0,0,0,3,11,0
1618,1,5,69139000.0,0,1,23,86000,12000,75000,33000,15000,6000,1,4,1,5,4,0,0,0,0,0,0,3,11,0
1619,2,5,52973000.0,0,1,92,856000,0,76000,12000,9000,199000,7,9,6,9,8,0,0,0,0,0,0,3,11,0
1620,3,0,51717000.0,0,1,55,98000,1000,17000,0,1000,5000,1,3,0,4,7,0,1,0,0,0,0,3,11,0
1621,1,5,18793000.0,1,0,14,4000,16000,20000,0,17000,20000,3,2,0,4,8,0,0,0,0,0,0,3,11,0
1622,0,0,66664000.0,0,0,78,398000,96000,447000,220000,96000,32000,1,5,7,6,3,0,0,0,0,0,0,3,11,0
1623,1,4,50664000.0,1,1,64,313000,8000,104000,6000,4000,126000,9,8,1,6,9,0,0,0,0,0,0,3,11,0
1624,1,0,54414000.0,1,1,49,109000,18000,16000,24000,26000,18000,4,3,1,5,4,0,0,0,0,0,0,3,11,0
1625,3,5,54549000.0,0,1,8,216000,2000,6000,0,0,9000,2,5,1,4,7,0,0,0,0,0,0,3,11,0
1626,3,3,47111000.0,0,1,35,595000,71000,153000,120000,112000,41000,6,3,2,10,9,0,0,0,0,0,0,3,11,0
1627,3,1,41003000.0,0,0,11,123000,133000,142000,71000,44000,88000,1,6,2,8,6,0,0,0,0,0,0,3,11,0
1628,1,0,19444000.0,1,0,8,16000,0,23000,3000,2000,10000,3,4,1,2,7,0,0,0,0,0,0,3,11,1
1629,0,0,36301000.0,1,0,53,11000,12000,35000,3000,5000,12000,1,3,0,3,7,0,0,0,0,0,0,3,11,0
1630,3,0,73059000.0,0,1,36,410000,112000,420000,0,82000,71000,1,9,3,13,4,0,0,0,0,0,0,3,11,0
1631,3,0,42731000.0,1,0,64,159000,2000,51000,6000,2000,24000,3,4,1,5,5,0,0,0,0,0,0,3,11,0
1632,3,5,52854000.0,1,1,43,105000,0,10000,0,1000,0,2,2,1,4,5,0,0,0,0,0,0,3,11,0
1633,1,0,22775000.0,1,0,40,5000,1000,8000,0,0,1000,1,1,0,2,8,0,0,0,0,0,0,3,11,0
1634,3,0,46681000.0,0,2,52,269000,15000,69000,15000,19000,38000,2,4,6,4,5,0,0,0,0,0,0,3,11,0
1635,3,5,59821000.0,0,1,11,629000,0,70000,0,0,35000,6,11,2,7,8,0,0,0,0,0,0,3,11,0
1636,1,1,50002000.0,0,1,21,443000,5000,71000,21000,16000,82000,2,8,2,7,7,0,0,0,0,0,0,3,11,0
1637,1,5,69755000.0,0,0,23,217000,77000,373000,111000,23000,93000,1,3,6,12,1,0,0,0,0,0,0,3,11,0
1638,1,5,44078000.0,1,1,17,24000,1000,10000,2000,0,4000,2,2,0,3,5,0,0,0,0,0,0,3,11,0
1639,2,0,30560000.0,1,0,6,9000,1000,5000,4000,5000,7000,1,1,0,3,7,0,0,0,0,0,0,3,11,0
1640,2,0,35924000.0,1,1,56,8000,0,14000,2000,3000,7000,1,1,0,3,5,0,0,0,0,0,0,3,11,0
1641,3,1,64140000.0,0,2,71,1459000,0,61000,0,15000,215000,5,2,5,6,5,1,0,1,0,1,0,3,11,1
1642,1,0,56386000.0,1,1,51,230000,48000,214000,13000,32000,75000,8,9,1,7,9,0,0,0,0,0,0,3,11,0
1643,4,0,24594000.0,1,0,94,1000,3000,6000,10000,0,9000,1,1,0,3,5,0,0,0,0,0,0,3,11,0
1644,0,0,75774000.0,1,0,27,340000,21000,134000,258000,14000,56000,1,7,5,8,4,0,0,0,0,0,0,3,11,0
1645,2,1,39228000.0,0,0,1,7000,1000,6000,0,3000,3000,1,0,0,3,4,0,0,0,0,0,0,3,11,0
1646,2,5,58494000.0,0,1,56,298000,7000,68000,4000,0,19000,2,6,2,6,6,0,0,0,0,0,0,3,11,0
1647,1,4,58684000.0,0,0,71,479000,35000,179000,28000,7000,85000,1,5,3,12,2,0,1,0,0,0,0,3,11,0
1648,1,1,57136000.0,0,0,18,267000,140000,599000,34000,12000,127000,1,7,5,7,6,0,0,0,0,0,0,3,11,1
1649,3,3,56551000.0,1,1,48,67000,4000,32000,17000,2000,16000,3,2,1,4,4,0,0,0,0,0,0,3,11,0
1650,1,5,22448000.0,1,0,86,3000,1000,8000,23000,2000,18000,3,2,1,3,3,0,0,0,0,0,0,3,11,0
1651,1,4,82014000.0,0,0,48,980000,37000,265000,35000,163000,31000,1,3,6,12,6,0,0,0,0,0,0,3,11,1
1652,1,3,34213000.0,1,1,2,50000,4000,28000,6000,3000,26000,3,3,1,2,9,0,0,0,0,0,0,3,11,1
1653,1,0,157146000.0,0,0,13,1000,0,1725000,2000,1000,1000,0,0,28,0,1,0,0,0,0,0,0,3,11,0
1654,3,3,25358000.0,0,1,57,19000,0,5000,0,0,8000,2,1,0,3,6,0,0,0,0,0,0,3,11,0
1655,2,4,35544000.0,1,0,77,30000,5000,23000,4000,1000,4000,1,2,0,3,7,0,0,0,0,0,0,3,11,0
1656,2,0,36634000.0,0,1,0,213000,9000,76000,4000,3000,30000,3,5,2,5,7,0,0,0,0,0,0,3,11,0
1657,3,5,62670000.0,0,1,57,539000,30000,92000,80000,46000,38000,1,5,3,13,3,0,0,0,0,0,0,3,11,0
1658,0,0,50334000.0,0,1,24,284000,16000,160000,84000,16000,134000,6,7,4,6,6,0,0,0,0,0,0,3,11,0
1659,1,4,72066000.0,0,0,55,1003000,34000,536000,134000,51000,34000,1,4,6,6,2,0,0,1,1,0,0,3,11,1
1660,3,4,50729000.0,1,1,62,239000,13000,143000,45000,4000,52000,9,6,2,7,6,0,0,0,0,0,0,3,11,0
1661,1,0,34916000.0,2,0,89,51000,23000,82000,33000,0,42000,4,5,1,3,9,0,0,0,0,0,0,3,11,0
1662,1,1,64892000.0,0,1,77,527000,24000,230000,32000,24000,65000,2,6,4,12,4,0,0,0,0,0,0,3,11,0
1663,1,4,43602000.0,1,1,45,19000,5000,12000,10000,3000,19000,3,3,1,2,6,0,0,0,0,0,0,3,11,0
1664,3,4,33996000.0,0,0,46,40000,2000,15000,8000,0,6000,1,1,1,3,4,0,0,0,0,0,0,3,11,0
1665,0,4,41473000.0,1,0,80,21000,8000,20000,15000,3000,9000,1,2,0,3,7,0,0,0,0,0,0,3,11,0
1666,3,5,63246000.0,0,2,60,593000,30000,91000,29000,22000,7000,1,6,3,12,4,0,0,0,0,0,0,3,11,0
1667,3,5,36732000.0,1,1,71,21000,5000,3000,10000,1000,7000,3,1,1,4,2,0,0,0,0,0,0,3,11,0
1668,3,5,69084000.0,1,0,43,1181000,107000,199000,39000,30000,30000,2,7,3,13,8,0,0,0,0,0,0,3,11,0
1669,3,5,77766000.0,0,1,97,1004000,59000,265000,115000,59000,27000,2,11,10,11,6,1,0,0,0,0,0,3,11,1
1670,3,4,37929000.0,0,0,49,202000,2000,46000,3000,2000,10000,2,4,2,5,7,0,1,0,1,0,0,3,11,1
1671,1,0,86610000.0,0,0,66,446000,107000,768000,33000,196000,53000,1,5,6,6,2,0,0,0,0,0,0,3,11,0
1672,2,5,80141000.0,0,0,20,1184000,102000,673000,52000,40000,40000,1,7,4,10,6,0,0,1,0,0,0,3,11,1
1673,0,5,72635000.0,0,0,54,390000,22000,323000,104000,35000,107000,1,6,8,6,3,0,0,0,1,0,0,3,11,0
1674,1,5,69016000.0,0,1,61,726000,53000,363000,123000,107000,161000,4,8,9,13,5,0,0,0,0,0,0,3,11,0
1675,0,0,20193000.0,0,0,18,8000,8000,22000,24000,11000,9000,1,1,1,4,4,0,0,0,0,0,0,3,11,0
1676,1,5,27573000.0,1,0,45,50000,15000,110000,39000,15000,15000,4,5,1,4,8,0,0,0,0,0,0,3,11,0
1677,4,4,15862000.0,1,0,26,1000,1000,4000,11000,9000,10000,1,1,0,3,8,0,0,0,0,0,0,3,11,0
1678,3,5,49544000.0,1,0,0,308000,0,73000,0,0,23000,2,5,1,8,7,0,0,0,0,0,0,3,11,0
1679,1,5,33228000.0,1,0,28,22000,2000,31000,7000,4000,5000,1,2,0,3,7,0,0,0,0,0,0,3,11,0
1680,1,0,70440000.0,0,0,49,690000,117000,499000,76000,102000,88000,1,5,10,7,3,0,0,0,1,0,0,3,11,0
1681,1,0,38232000.0,1,1,84,43000,5000,28000,7000,6000,33000,4,3,1,3,5,0,0,0,0,0,0,3,11,0
1682,3,5,22554000.0,1,1,38,27000,0,10000,0,0,4000,4,2,0,4,5,0,0,0,0,0,0,3,11,0
1683,3,5,23536000.0,1,0,53,6000,0,3000,0,0,1000,1,0,0,3,3,0,0,0,0,0,0,3,11,0
1684,1,5,49413000.0,0,1,88,205000,7000,41000,3000,2000,46000,2,4,2,5,5,0,0,0,0,0,0,3,11,0
1685,1,5,42231000.0,1,1,99,24000,0,8000,0,1000,4000,1,1,0,3,5,0,0,0,0,0,0,3,11,0
1686,2,1,78789000.0,0,0,12,667000,50000,850000,21000,83000,83000,1,4,6,5,2,0,0,0,0,0,0,3,11,1
1687,1,0,56534000.0,0,1,35,691000,7000,61000,10000,0,46000,4,10,4,7,8,0,1,0,0,1,0,3,11,1
1688,1,4,58350000.0,0,1,5,493000,26000,206000,116000,80000,80000,4,8,3,12,6,0,0,0,0,0,0,3,11,0
1689,1,4,81217000.0,0,0,77,493000,70000,324000,146000,40000,84000,1,3,7,11,1,0,0,0,0,0,0,3,11,0
1690,1,4,49090000.0,0,1,45,494000,5000,82000,7000,0,100000,3,7,2,9,7,0,0,0,0,0,0,3,11,0
1691,2,1,61787000.0,0,0,71,621000,73000,414000,78000,48000,85000,1,8,4,6,5,0,0,0,0,0,0,3,11,0
1692,3,5,18169000.0,1,0,40,9000,0,5000,0,0,7000,1,1,0,2,8,0,0,0,0,0,0,3,11,0
1693,0,4,24336000.0,1,0,82,1000,6000,2000,8000,2000,12000,1,1,0,2,7,0,0,0,0,0,0,3,11,0
1694,1,5,18222000.0,0,0,70,12000,4000,19000,12000,6000,14000,1,2,0,3,8,0,0,0,0,0,0,3,11,0
1695,1,1,62335000.0,0,1,87,243000,131000,217000,85000,6000,26000,2,3,3,13,2,0,0,0,0,0,0,3,11,0
1696,0,0,42033000.0,1,1,95,11000,1000,4000,2000,0,7000,1,1,0,2,7,0,0,0,0,0,0,3,11,0
1697,3,5,86580000.0,0,0,72,532000,21000,127000,26000,20000,20000,0,4,2,5,1,0,0,1,0,0,0,3,11,0
1698,3,1,41437000.0,1,1,5,29000,0,2000,0,0,1000,1,1,0,3,7,0,0,0,0,0,0,3,11,0
1699,2,3,73705000.0,0,2,86,612000,91000,520000,258000,107000,107000,2,9,6,8,5,0,0,0,0,0,0,3,11,0
1700,1,5,61064000.0,0,1,80,387000,126000,342000,0,45000,180000,5,8,4,11,6,0,0,0,0,0,0,3,11,0
1701,2,5,38452000.0,1,1,62,56000,0,14000,0,0,2000,3,3,0,3,7,0,0,0,0,0,0,3,11,0
1702,1,4,18358000.0,1,0,49,6000,8000,19000,16000,4000,4000,3,3,0,4,7,0,0,0,0,0,0,3,11,0
1703,3,0,55012000.0,0,1,85,582000,0,65000,0,0,13000,6,8,2,9,5,0,0,0,0,0,0,3,11,0
1704,4,0,9722000.0,1,0,7,6000,17000,16000,6000,16000,42000,4,3,1,3,8,0,0,0,0,0,0,3,11,1
1705,3,5,38175000.0,1,0,6,70000,6000,69000,2000,3000,3000,3,3,1,4,7,0,0,0,0,0,0,3,11,0
1706,2,0,58656000.0,0,1,25,962000,12000,194000,16000,24000,12000,4,7,8,13,6,0,0,1,0,0,0,3,11,0
1707,1,0,52117000.0,0,1,55,112000,10000,107000,30000,0,20000,2,5,2,4,7,0,0,0,0,0,0,3,11,0
1708,1,5,64813000.0,1,0,81,293000,0,124000,179000,97000,52000,1,7,2,10,5,0,0,0,0,0,0,3,11,0
1709,3,5,54222000.0,0,1,98,199000,12000,31000,3000,12000,7000,1,3,3,5,3,0,0,0,0,0,0,3,11,0
1710,1,5,83512000.0,0,0,31,1060000,61000,835000,80000,20000,101000,1,4,7,10,1,1,0,1,1,1,0,3,11,1
1711,2,5,77520000.0,0,1,30,940000,44000,396000,0,88000,58000,1,8,7,7,4,1,0,1,1,0,0,3,11,1
1712,1,0,41154000.0,0,1,98,44000,2000,11000,2000,3000,7000,1,1,0,4,5,0,0,0,0,0,0,3,11,0
1713,1,5,80398000.0,0,0,92,342000,51000,936000,207000,35000,26000,1,5,8,12,3,0,0,1,0,0,0,3,11,0
1714,4,4,18746000.0,1,0,41,2000,10000,11000,12000,9000,20000,2,3,0,3,6,0,0,0,0,0,0,3,11,0
1715,1,0,35196000.0,1,0,68,75000,12000,141000,43000,39000,187000,6,6,1,5,8,0,0,0,0,0,0,3,11,0
1716,1,4,60230000.0,0,1,78,520000,20000,367000,39000,81000,40000,2,6,3,6,5,0,0,0,0,0,0,3,11,0
1717,1,5,22108000.0,1,1,46,5000,3000,9000,6000,2000,6000,2,2,0,3,7,0,0,0,0,0,0,3,11,0
1718,1,0,44392000.0,1,1,71,87000,5000,71000,7000,12000,29000,5,4,1,4,7,0,0,0,0,0,0,3,11,0
1719,3,5,55424000.0,0,1,6,462000,61000,184000,10000,53000,107000,4,7,5,9,6,1,0,0,0,0,0,3,11,1
1720,1,5,17688000.0,1,0,82,2000,2000,1000,3000,1000,2000,1,1,0,2,8,0,0,0,0,0,1,3,11,0
1721,3,5,92491000.0,0,0,71,979000,44000,935000,29000,25000,22000,1,7,5,12,3,0,1,1,1,0,0,3,11,1
1722,1,4,90273000.0,0,0,32,704000,129000,853000,120000,74000,111000,1,5,6,7,2,0,1,1,1,0,0,3,11,1
1723,3,3,82571000.0,0,0,28,861000,31000,558000,62000,95000,79000,0,6,5,13,2,0,0,1,0,0,0,3,11,0
1724,3,4,38513000.0,1,0,20,172000,3000,115000,16000,0,18000,5,6,1,5,8,0,0,0,0,0,0,3,11,1
1725,2,4,16653000.0,1,0,10,5000,7000,31000,15000,4000,7000,3,2,1,3,6,0,0,0,0,0,0,3,11,1
1726,1,0,42586000.0,1,1,7,194000,2000,56000,0,0,0,5,4,1,6,8,0,0,0,0,0,0,3,11,1
1727,4,4,23529000.0,0,1,67,9000,7000,13000,3000,2000,20000,1,1,1,2,6,0,0,0,0,0,0,3,11,0
1728,2,0,74881000.0,1,1,48,505000,72000,270000,36000,27000,54000,4,9,2,12,5,0,0,0,0,0,0,3,11,0
1729,1,5,71107000.0,0,1,61,533000,10000,217000,198000,174000,195000,2,7,6,13,4,0,0,0,0,0,0,3,11,0
1730,3,0,46910000.0,1,1,36,48000,0,14000,0,0,6000,2,2,0,3,6,0,0,0,0,0,0,3,11,0
1731,1,5,18690000.0,0,0,77,6000,1000,7000,23000,4000,19000,1,1,1,2,8,0,0,0,0,0,0,3,11,0
1732,1,1,37244000.0,1,1,90,18000,2000,10000,0,0,25000,1,1,1,2,7,1,0,0,0,0,0,3,11,0
1733,1,0,82427000.0,0,0,35,482000,147000,509000,104000,107000,107000,1,3,5,12,1,0,0,1,0,0,0,3,11,0
1734,0,4,75342000.0,0,1,38,204000,97000,97000,21000,118000,26000,1,5,2,10,4,0,0,0,0,0,0,3,11,0
1735,1,1,70044000.0,0,1,46,1073000,0,250000,153000,14000,14000,4,7,10,5,5,0,0,0,0,0,0,3,11,0
1736,1,4,79146000.0,1,1,33,245000,16000,223000,21000,43000,16000,2,8,1,8,6,0,0,0,0,0,0,3,11,0
1737,1,5,77437000.0,0,0,70,560000,21000,442000,29000,44000,29000,1,4,5,13,1,0,0,1,0,0,0,3,11,0
1738,1,5,54984000.0,0,1,51,173000,13000,131000,32000,3000,6000,4,6,1,6,7,0,0,0,1,0,0,3,11,0
1739,3,5,42403000.0,1,0,18,22000,1000,11000,0,5000,3000,1,1,0,3,8,0,0,0,0,0,0,3,11,0
1740,1,0,55761000.0,0,1,97,136000,1000,12000,0,3000,32000,2,4,1,3,6,0,1,0,0,0,0,3,11,0
1741,1,0,37292000.0,1,0,32,275000,0,86000,10000,23000,66000,5,6,3,5,8,0,0,0,0,0,0,3,11,0
1742,3,4,45576000.0,0,0,9,56000,19000,29000,2000,14000,25000,1,3,1,3,8,0,0,0,0,0,0,3,11,1
1743,1,0,70321000.0,0,0,6,303000,23000,751000,82000,26000,191000,1,6,5,13,4,0,0,0,0,0,0,3,11,1
1744,3,1,58086000.0,0,1,80,708000,7000,62000,0,0,15000,2,11,3,7,8,0,0,0,0,0,0,3,11,0
1745,1,5,81795000.0,0,0,74,324000,132000,693000,27000,118000,88000,1,4,11,7,2,0,0,0,0,0,0,3,11,0
1746,4,0,28389000.0,0,0,49,1000,5000,3000,7000,4000,8000,1,1,0,2,7,0,0,0,0,0,0,3,11,0
1747,2,5,66835000.0,0,0,21,620000,26000,195000,34000,17000,141000,1,6,4,13,2,0,0,0,0,0,0,3,11,0
1748,1,1,69901000.0,0,1,95,312000,21000,206000,102000,92000,149000,3,7,3,10,5,0,0,0,0,0,0,3,11,0
1749,3,5,80360000.0,0,0,56,1493000,86000,454000,112000,43000,43000,2,4,4,5,2,0,1,1,1,0,0,3,11,0
1750,3,0,63342000.0,0,1,48,918000,21000,118000,13000,10000,21000,3,8,3,5,6,0,1,0,0,0,0,3,11,1
1751,1,5,44989000.0,0,1,26,98000,0,106000,49000,10000,106000,5,5,1,5,6,0,0,0,0,0,0,3,11,0
1752,0,4,31859000.0,1,0,3,3000,4000,7000,15000,8000,11000,1,1,0,3,7,0,0,0,0,0,0,3,11,0
1753,3,3,51569000.0,0,1,39,380000,0,47000,6000,0,34000,4,7,1,7,8,0,1,0,0,0,0,3,11,1
1754,1,3,30372000.0,1,1,33,15000,0,12000,7000,3000,7000,3,2,0,3,7,0,0,0,0,0,0,3,11,0
1755,4,4,16014000.0,1,1,42,3000,9000,4000,7000,8000,7000,4,1,1,4,3,0,0,0,0,0,0,3,11,0
1756,1,5,41120000.0,1,1,80,24000,2000,23000,0,8000,24000,3,2,1,3,6,0,0,0,0,0,0,3,11,0
1757,2,4,39763000.0,1,0,9,80000,1000,60000,4000,6000,16000,2,5,1,2,9,0,0,0,0,0,0,3,11,1
1758,3,5,38725000.0,1,1,52,31000,0,6000,2000,1000,5000,2,1,0,4,4,0,0,0,0,0,0,3,11,0
1759,1,5,77981000.0,1,0,78,138000,120000,204000,16000,126000,60000,3,7,4,7,5,0,0,0,0,0,0,3,11,0
1760,0,5,62905000.0,0,1,68,166000,75000,96000,119000,107000,59000,3,7,2,8,4,0,0,0,0,0,0,3,11,0
1761,0,1,13533000.0,1,0,45,12000,3000,8000,8000,0,17000,2,2,0,3,7,0,0,0,0,0,0,3,11,0
1762,1,0,59481000.0,0,1,47,178000,3000,85000,71000,66000,58000,2,3,3,8,2,0,0,0,0,0,0,3,11,0
1763,1,5,72117000.0,0,1,34,707000,20000,171000,65000,60000,50000,1,9,7,9,5,0,0,0,0,0,0,3,11,0
1764,0,5,21955000.0,1,0,81,5000,1000,7000,17000,14000,11000,2,2,1,3,6,0,0,0,0,0,0,3,11,0
1765,1,5,67131000.0,0,1,72,465000,71000,250000,93000,35000,62000,3,9,2,12,6,0,0,0,0,0,0,3,11,0
1766,3,4,36802000.0,1,0,23,16000,1000,2000,0,0,1000,1,1,0,3,5,0,0,0,0,0,0,3,11,0
1767,1,0,71853000.0,0,0,29,358000,108000,413000,141000,97000,32000,1,2,8,6,1,0,0,0,0,0,0,3,11,0
1768,4,5,28249000.0,0,0,80,1000,9000,7000,2000,14000,10000,1,2,0,3,6,0,0,0,0,0,0,3,11,0
1769,2,5,47808000.0,0,1,30,123000,1000,26000,2000,0,72000,2,3,2,3,7,1,0,0,0,0,0,3,11,0
1770,3,1,25509000.0,1,0,15,40000,3000,30000,10000,7000,11000,3,3,0,3,9,0,0,0,0,0,0,3,11,1
1771,3,5,51012000.0,0,0,86,102000,9000,63000,2000,9000,24000,1,4,1,4,6,0,0,0,0,0,0,3,11,0
1772,1,4,70596000.0,0,0,68,347000,44000,534000,17000,0,26000,1,3,5,12,2,0,0,0,0,0,0,3,11,0
1773,3,0,85431000.0,0,0,54,376000,53000,462000,168000,53000,53000,1,2,7,7,0,0,0,0,0,0,0,3,11,0
1774,1,5,42664000.0,0,1,44,21000,0,3000,0,0,0,1,1,0,3,6,0,0,0,0,0,0,3,11,0
1775,1,0,42586000.0,1,1,7,194000,2000,56000,0,0,0,5,4,1,6,8,0,0,0,0,0,0,3,11,1
1776,1,4,29760000.0,1,0,87,64000,4000,68000,7000,5000,17000,4,3,1,4,8,0,0,0,0,0,0,3,11,0
1777,3,5,28973000.0,0,0,59,206000,0,46000,3000,2000,12000,2,5,1,5,8,0,0,0,0,0,0,3,11,0
1778,3,0,39435000.0,1,0,16,71000,0,18000,0,0,13000,1,3,1,2,7,0,0,0,0,0,0,3,11,0
1779,0,5,65370000.0,0,0,1,71000,22000,112000,138000,89000,29000,1,2,3,13,1,0,0,0,0,0,0,3,11,0
1780,4,4,20194000.0,1,0,64,0,4000,7000,11000,10000,15000,2,2,0,3,6,0,0,0,0,0,0,3,11,0
1781,3,4,42473000.0,1,1,72,93000,1000,21000,0,4000,25000,3,2,1,4,5,0,0,0,0,0,0,3,11,0
1782,1,5,64590000.0,0,0,98,920000,138000,168000,36000,46000,30000,1,9,4,10,6,0,0,0,0,0,0,3,11,0
1783,1,0,71232000.0,0,1,91,653000,17000,170000,34000,26000,17000,2,11,2,10,7,0,0,0,0,0,0,3,11,0
1784,1,0,34600000.0,1,1,8,199000,33000,60000,8000,3000,15000,5,5,2,5,8,0,0,0,0,0,0,3,11,1
1785,1,4,46904000.0,1,1,20,153000,4000,56000,0,9000,31000,4,5,1,4,8,0,0,0,0,0,0,3,11,0
1786,1,5,49094000.0,0,1,6,376000,0,38000,11000,8000,69000,5,6,3,6,6,0,0,0,0,0,0,3,11,0
1787,1,0,36075000.0,1,0,54,46000,0,30000,12000,1000,30000,1,2,0,4,6,0,0,0,0,0,0,3,11,0
1788,0,0,60839000.0,1,1,72,600000,21000,128000,223000,150000,128000,13,2,2,12,8,0,0,0,0,0,0,3,11,0
1789,1,0,77298000.0,0,1,46,425000,115000,292000,23000,35000,79000,1,6,6,11,3,0,0,0,0,0,0,3,11,0
1790,1,0,34026000.0,1,1,11,18000,6000,15000,12000,8000,17000,3,2,1,3,5,0,0,0,0,0,0,3,11,0
1791,3,4,48918000.0,1,1,21,52000,0,9000,0,0,1000,2,1,0,4,4,0,0,0,0,0,0,3,11,0
1792,0,0,82122000.0,0,0,89,734000,22000,350000,151000,25000,100000,1,3,9,13,1,0,0,1,0,0,0,3,11,0
1793,1,4,37697000.0,1,0,82,34000,6000,21000,11000,4000,8000,1,2,1,3,6,0,0,0,0,0,0,3,11,0
1794,1,0,34074000.0,1,1,69,135000,1000,41000,10000,1000,67000,5,3,3,3,6,1,0,0,0,0,0,3,11,0
1795,2,5,28520000.0,1,1,55,11000,0,10000,0,2000,20000,1,1,1,2,6,0,0,0,0,0,0,3,11,0
1796,1,4,62535000.0,0,1,13,163000,48000,90000,0,45000,52000,1,3,2,8,3,0,0,0,0,0,0,3,11,0
1797,2,4,36273000.0,1,0,80,29000,3000,30000,3000,2000,9000,2,3,0,3,6,0,0,0,0,0,0,3,11,0
1798,1,0,63404000.0,0,2,97,734000,26000,70000,11000,44000,17000,2,6,3,4,4,0,0,0,1,0,0,3,11,0
1799,0,0,75774000.0,1,0,27,340000,21000,134000,258000,14000,56000,1,7,5,8,4,0,0,0,0,0,0,3,11,0
1800,1,0,78416000.0,0,1,99,453000,38000,279000,188000,38000,183000,2,7,7,10,3,0,0,0,0,0,0,3,11,0
1801,1,0,75702000.0,0,1,87,1073000,0,629000,145000,37000,37000,1,10,5,13,6,0,0,1,0,0,0,3,11,0
1802,2,0,59385000.0,1,1,85,135000,0,10000,0,4000,36000,2,3,1,4,5,0,0,0,0,0,0,3,11,0
1803,1,4,37070000.0,1,1,30,231000,7000,137000,4000,15000,39000,9,5,1,8,7,0,0,0,0,0,0,3,11,1
1804,1,5,44689000.0,1,1,82,18000,0,5000,0,0,11000,2,1,1,2,7,1,0,0,0,0,0,3,11,0
1805,1,0,53977000.0,0,1,21,620000,16000,165000,0,24000,82000,5,5,5,12,5,0,0,0,0,0,0,3,11,0
1806,3,4,7144000.0,0,2,92,81000,4000,33000,5000,2000,291000,0,23,1,1,0,0,0,0,0,0,0,3,11,0
1807,1,4,18701000.0,1,1,95,12000,4000,2000,10000,6000,10000,4,2,0,4,5,0,0,0,0,0,0,3,11,0
1808,1,5,90369000.0,0,0,2,292000,51000,981000,224000,23000,17000,1,4,6,6,1,0,0,0,0,0,0,3,11,1
1809,3,4,63159000.0,0,0,74,965000,34000,586000,89000,86000,37000,1,3,5,8,3,1,0,0,0,0,0,3,11,0
1810,1,0,37758000.0,1,1,49,27000,2000,10000,0,0,1000,2,1,0,3,8,0,0,0,0,0,0,3,11,0
1811,3,4,46757000.0,0,1,71,777000,30000,163000,0,51000,122000,6,4,4,7,9,0,0,0,0,0,0,3,11,0
1812,2,5,79734000.0,0,0,72,572000,8000,232000,23000,62000,17000,1,4,3,6,1,0,0,0,1,0,0,3,11,0
1813,1,0,63207000.0,0,0,68,438000,169000,565000,91000,169000,70000,1,2,3,6,7,0,0,0,1,0,0,3,11,0
1814,1,1,72071000.0,0,1,4,531000,69000,300000,150000,138000,150000,3,5,4,8,2,0,0,0,0,0,0,3,11,0
1815,3,0,21840000.0,1,0,80,17000,0,9000,0,0,1000,1,1,0,3,9,0,0,0,0,0,0,3,11,0
1816,0,0,58582000.0,0,1,15,402000,35000,106000,101000,77000,42000,2,9,2,9,5,0,1,0,0,0,0,3,11,0
1817,1,4,72282000.0,0,0,70,503000,27000,419000,90000,139000,153000,1,5,7,9,7,0,0,0,0,0,0,3,11,1
1818,1,5,50387000.0,0,2,91,369000,9000,87000,12000,14000,34000,3,6,2,8,5,0,0,0,0,0,0,3,11,0
1819,3,0,32583000.0,1,1,10,5000,0,3000,0,0,1000,1,1,0,2,7,0,0,0,0,0,0,3,11,0
1820,1,0,62568000.0,0,1,99,362000,17000,398000,80000,35000,61000,3,5,3,5,4,0,0,0,1,0,0,3,11,0
1821,2,1,44635000.0,1,1,25,56000,0,9000,0,0,3000,2,2,0,3,7,0,0,0,0,0,0,3,11,0
1822,2,4,33316000.0,1,1,34,79000,1000,31000,4000,4000,12000,3,2,1,4,6,0,0,0,0,0,0,3,11,0
1823,1,5,63967000.0,0,1,57,387000,84000,141000,73000,35000,162000,3,4,4,12,2,0,0,0,0,0,0,3,11,0
1824,0,0,52513000.0,0,0,84,367000,17000,241000,104000,188000,232000,2,9,5,9,7,0,0,0,0,0,0,3,11,0
1825,1,5,25293000.0,1,0,51,15000,0,11000,0,2000,9000,1,1,1,2,8,0,0,0,0,0,0,3,11,0
1826,3,3,54111000.0,0,1,97,267000,6000,54000,8000,3000,50000,2,5,2,6,5,0,0,0,0,0,0,3,11,0
1827,1,0,78394000.0,0,0,13,298000,27000,697000,216000,24000,166000,1,4,6,5,2,0,0,0,0,0,0,3,11,1
1828,2,5,80739000.0,0,0,92,674000,92000,736000,39000,0,92000,1,3,11,9,1,0,0,0,0,0,0,3,11,0
1829,2,0,22669000.0,1,0,30,16000,14000,36000,37000,22000,48000,3,4,1,2,9,0,0,0,0,0,0,3,11,1
1830,1,4,29236000.0,1,0,30,37000,4000,24000,16000,9000,9000,2,4,0,3,9,0,0,0,0,0,0,3,11,0
1831,1,0,44911000.0,0,1,11,159000,0,22000,2000,1000,31000,3,4,1,4,7,0,0,0,0,0,0,3,11,0
1832,3,5,54693000.0,0,1,72,686000,17000,142000,23000,26000,35000,8,6,4,13,6,0,0,0,0,0,0,3,11,0
1833,1,0,48186000.0,1,0,39,97000,3000,66000,12000,7000,34000,3,4,1,4,7,0,0,0,0,0,0,3,11,0
1834,1,5,54809000.0,1,1,0,63000,6000,57000,13000,13000,22000,4,2,1,5,4,0,0,0,0,0,0,3,11,1
1835,1,0,41580000.0,1,1,15,56000,5000,24000,4000,0,3000,3,2,1,3,5,0,0,0,0,0,0,3,11,0
1836,3,5,80336000.0,0,0,12,209000,19000,456000,160000,142000,66000,1,2,9,13,1,0,0,0,0,0,0,3,11,0
1837,1,5,47743000.0,0,1,56,198000,2000,43000,0,12000,20000,3,4,1,6,6,0,1,0,0,0,0,3,11,0
1838,0,5,62972000.0,0,1,39,313000,15000,47000,20000,0,192000,2,7,4,3,6,0,0,0,0,0,0,3,11,0
1839,3,1,57333000.0,0,1,55,941000,14000,397000,76000,58000,176000,11,8,5,9,6,0,0,0,0,0,0,3,11,1
1840,3,0,32313000.0,1,0,60,86000,4000,56000,2000,4000,7000,3,4,0,4,9,0,0,0,0,0,0,3,11,0
1841,2,3,84953000.0,0,0,73,167000,48000,602000,63000,72000,72000,1,3,10,4,2,0,1,1,1,0,0,3,11,1
1842,2,1,27071000.0,1,0,90,8000,3000,19000,0,2000,3000,2,2,0,3,6,0,0,0,0,0,0,3,11,0
1843,2,0,68148000.0,0,0,86,389000,66000,408000,37000,57000,85000,1,4,4,6,2,0,0,0,0,0,0,3,11,0
1844,2,0,65735000.0,1,1,37,239000,7000,119000,4000,15000,11000,5,6,2,6,7,0,0,0,0,0,0,3,11,0
1845,3,5,86836000.0,0,0,7,179000,21000,273000,0,21000,63000,1,6,10,6,5,1,0,1,1,0,0,3,11,1
1846,3,5,4023000.0,1,1,29,5000,0,1000,1000,1000,1000,15,0,0,0,19,0,0,0,0,0,0,3,11,0
1847,1,5,30093000.0,0,0,19,2000,6000,28000,13000,4000,16000,1,2,0,3,7,0,0,0,0,0,0,3,11,0
1848,3,5,57705000.0,0,1,14,383000,0,53000,6000,4000,40000,3,8,1,6,6,0,0,0,0,0,0,3,11,0
1849,1,4,25008000.0,1,0,72,2000,8000,8000,6000,1000,9000,2,1,0,3,8,0,0,0,0,0,0,3,11,0
1850,0,4,83257000.0,0,0,56,536000,27000,590000,38000,107000,67000,1,5,10,12,6,1,0,1,0,0,1,3,11,1
1851,1,0,22280000.0,1,0,85,2000,1000,4000,3000,1000,2000,1,1,0,2,8,0,0,0,0,0,0,3,11,0
1852,3,5,72159000.0,0,0,62,322000,53000,899000,34000,40000,53000,1,4,6,10,2,0,0,0,0,0,0,3,11,0
1853,1,0,64260000.0,0,0,1,539000,169000,816000,20000,0,30000,1,4,5,4,3,0,0,0,0,0,0,3,11,1
1854,3,4,82733000.0,0,0,28,712000,50000,420000,65000,38000,38000,1,8,4,7,4,0,0,0,0,0,0,3,11,1
1855,2,1,74290000.0,0,1,70,1121000,0,72000,0,12000,12000,4,10,8,10,6,0,1,0,1,0,0,3,11,0
1856,2,4,58217000.0,2,1,84,68000,1000,13000,3000,5000,13000,1,2,0,4,6,0,0,0,0,0,0,3,11,0
1857,2,0,21024000.0,0,0,89,36000,4000,18000,6000,2000,18000,1,2,0,4,7,0,0,0,0,0,0,3,11,0
1858,3,5,70116000.0,0,0,73,707000,44000,603000,95000,58000,29000,1,2,8,12,1,0,0,0,0,0,0,3,11,0
1859,1,0,54006000.0,1,0,42,174000,77000,203000,6000,24000,97000,2,8,1,7,7,0,0,0,0,0,0,3,11,0
1860,3,5,69063000.0,0,1,16,666000,35000,124000,69000,8000,26000,1,5,3,5,3,0,0,0,0,0,0,3,11,0
1861,0,1,11448000.0,0,0,16,0,0,0,6000,2000,6000,1,1,0,2,6,0,0,0,0,0,0,3,11,0
1862,1,4,61825000.0,0,1,56,162000,50000,100000,55000,30000,27000,1,4,2,8,4,0,0,0,0,0,0,3,11,0
1863,1,5,70886000.0,1,0,65,407000,70000,239000,103000,88000,53000,1,5,4,4,2,0,0,0,0,0,0,3,11,0
1864,1,5,69109000.0,0,0,10,823000,25000,459000,124000,29000,95000,1,6,6,7,4,0,0,1,0,0,0,3,11,1
1865,1,3,60208000.0,1,1,13,488000,23000,71000,15000,0,59000,11,8,3,7,7,0,1,0,0,0,0,3,11,1
1866,2,0,32889000.0,1,1,78,28000,0,13000,4000,2000,8000,3,2,1,3,5,0,0,0,0,0,0,3,11,0
1867,1,4,34738000.0,1,0,51,3000,2000,10000,3000,0,2000,1,1,0,3,6,0,0,0,0,0,0,3,11,0
1868,2,0,30538000.0,1,0,27,284000,0,52000,8000,3000,20000,4,9,0,4,10,0,0,0,0,0,0,3,11,0
1869,0,0,82326000.0,0,0,30,938000,142000,754000,159000,81000,183000,1,5,10,6,2,0,1,1,1,0,0,3,11,1
1870,3,1,26642000.0,1,0,71,13000,2000,15000,2000,2000,8000,2,2,0,3,6,0,0,0,0,0,0,3,11,0
1871,1,1,69932000.0,0,1,97,412000,172000,153000,150000,105000,57000,2,7,6,11,4,0,0,0,0,0,0,3,11,0
1872,1,4,44503000.0,1,1,83,31000,1000,8000,0,0,8000,2,2,0,3,6,0,0,0,0,0,0,3,11,0
1873,3,4,60200000.0,0,1,3,502000,19000,132000,0,6000,26000,6,6,2,11,6,0,0,0,0,0,0,3,11,0
1874,1,1,49638000.0,0,1,71,18000,10000,3000,3000,5000,0,1,1,0,3,2,0,0,0,0,0,0,3,11,0
1875,0,4,23830000.0,0,0,3,1000,8000,6000,4000,8000,16000,1,1,0,3,7,0,0,0,0,0,0,3,11,0
1876,2,3,33051000.0,0,0,15,100000,71000,243000,108000,94000,219000,3,9,1,8,9,0,0,0,0,0,0,3,11,1
1877,1,5,72905000.0,0,0,52,407000,114000,445000,181000,165000,203000,1,3,7,9,1,0,0,0,1,0,0,3,11,0
1878,3,0,69702000.0,0,1,8,664000,9000,240000,50000,19000,57000,2,7,7,10,4,0,0,0,0,0,0,3,11,0
1879,1,1,70300000.0,1,0,89,1045000,61000,338000,60000,46000,46000,3,5,5,13,8,0,0,0,0,0,0,3,11,0
1880,3,5,70643000.0,0,0,66,1218000,107000,304000,23000,143000,33000,1,5,8,4,6,0,0,0,0,0,0,3,11,1
1881,3,5,30396000.0,1,0,22,15000,0,6000,0,1000,12000,2,1,1,2,7,1,0,0,0,0,0,3,11,1
1882,3,1,50616000.0,0,1,56,128000,0,16000,0,1000,4000,2,4,0,4,7,0,0,0,0,0,0,3,11,0
1883,2,4,62772000.0,0,1,74,581000,49000,157000,43000,8000,108000,1,5,6,11,2,0,1,0,0,0,0,3,11,0
1884,3,4,30298000.0,0,0,48,6000,3000,12000,6000,1000,0,1,1,1,3,3,0,0,0,0,0,0,3,11,0
1885,1,4,52413000.0,1,0,67,185000,8000,133000,56000,56000,12000,2,7,1,7,7,0,0,0,0,0,0,3,11,0
1886,3,5,44155000.0,1,1,24,22000,1000,9000,0,0,14000,1,1,1,2,4,0,0,0,0,0,0,3,11,0
1887,3,1,86979000.0,0,0,67,584000,100000,835000,65000,83000,35000,1,5,5,5,2,1,0,0,0,0,0,3,11,1
1888,1,0,76532000.0,1,1,38,355000,30000,177000,90000,138000,30000,4,9,5,7,5,0,0,0,0,0,0,3,11,0
1889,1,5,42081000.0,1,0,86,175000,10000,110000,54000,6000,27000,2,6,3,4,6,1,0,0,0,0,0,3,11,0
1890,3,5,67546000.0,0,0,90,864000,134000,768000,150000,38000,172000,1,4,10,5,3,0,0,0,0,0,0,3,11,0
1891,2,0,88420000.0,0,0,87,957000,153000,612000,99000,95000,153000,1,4,7,8,1,1,0,1,1,0,0,3,11,0
1892,1,5,31158000.0,1,0,62,25000,6000,16000,20000,0,5000,2,2,0,3,8,0,0,0,0,0,0,3,11,0
1893,1,1,61671000.0,0,1,23,641000,7000,56000,0,0,28000,8,10,4,6,8,0,1,0,1,0,0,3,11,0
1894,1,4,69719000.0,0,0,99,273000,86000,208000,177000,14000,43000,1,2,3,5,1,0,0,0,0,0,0,3,11,0
1895,1,1,49160000.0,0,1,29,122000,21000,43000,25000,10000,15000,2,3,1,6,6,0,0,0,0,0,0,3,11,0
1896,4,0,24882000.0,1,0,52,1000,4000,10000,29000,0,36000,1,1,1,2,6,1,0,0,0,0,0,3,11,0
1897,3,4,90933000.0,0,0,90,1020000,31000,430000,62000,63000,79000,1,4,6,4,1,0,0,1,0,0,0,3,11,0
1898,3,4,113734000.0,0,0,9,6000,2000,3000,1000,262000,3000,0,27,0,0,1,0,0,0,0,0,0,3,11,0
1899,3,0,59292000.0,0,1,71,378000,14000,68000,19000,14000,14000,2,3,5,8,3,0,0,0,0,0,0,3,11,0
1900,3,5,45759000.0,1,1,13,42000,1000,18000,3000,0,4000,2,2,0,3,7,0,0,0,0,0,0,3,11,0
1901,1,4,22148000.0,0,0,16,15000,5000,14000,0,4000,11000,1,1,0,3,7,0,0,0,0,0,0,3,11,0
1902,2,5,73395000.0,0,0,94,272000,7000,80000,20000,7000,11000,1,4,4,6,2,0,0,0,0,0,0,3,11,0
1903,1,1,29819000.0,1,0,77,9000,1000,24000,2000,1000,2000,3,3,0,3,6,0,0,0,0,0,0,3,11,0
1904,1,5,45688000.0,0,1,20,279000,0,18000,0,0,9000,2,3,1,8,4,0,1,0,0,0,0,3,11,0
1905,1,5,62820000.0,0,0,51,398000,61000,265000,138000,61000,53000,1,3,4,6,1,0,0,0,0,0,0,3,11,0
1906,3,5,60491000.0,0,1,81,637000,47000,237000,12000,19000,76000,4,6,11,7,5,0,0,0,0,0,0,3,11,0
1907,1,0,33235000.0,1,0,71,45000,0,16000,2000,1000,6000,1,3,0,3,7,0,0,0,0,0,0,3,11,0
1908,1,5,35701000.0,0,0,36,21000,1000,9000,7000,3000,5000,1,1,0,3,6,0,0,0,0,0,0,3,11,0
1909,2,5,31535000.0,1,0,95,15000,4000,13000,0,0,19000,1,1,1,2,7,1,0,0,0,0,0,3,11,0
1910,0,0,92556000.0,0,0,32,493000,183000,352000,184000,23000,28000,0,3,5,13,0,0,0,0,0,0,0,3,11,0
1911,1,4,67384000.0,0,1,32,957000,40000,175000,158000,53000,107000,2,7,8,5,5,0,1,0,0,0,0,3,11,0
1912,2,0,80573000.0,0,0,85,829000,138000,430000,60000,92000,15000,1,4,6,13,2,0,0,0,0,0,0,3,11,0
1913,1,5,77870000.0,0,1,93,1017000,50000,500000,65000,50000,133000,3,5,5,5,8,0,1,0,1,0,0,3,11,1
1914,3,3,52278000.0,0,1,24,953000,0,71000,0,0,174000,6,10,5,10,8,0,0,0,0,0,0,3,11,0
1915,1,4,57107000.0,0,1,44,159000,0,120000,0,0,137000,7,4,4,8,8,0,1,0,0,1,0,3,11,1
1916,1,5,18929000.0,0,0,15,32000,0,8000,23000,4000,18000,1,1,0,4,6,0,0,0,0,0,0,3,11,0
1917,3,4,36038000.0,1,0,82,23000,0,15000,0,2000,7000,2,3,0,3,6,0,0,0,0,0,0,3,11,0
1918,1,4,20180000.0,0,0,27,18000,42000,24000,15000,20000,18000,1,2,1,4,7,0,0,0,0,0,0,3,11,0
1919,3,0,34230000.0,1,1,72,15000,0,4000,0,0,2000,1,1,0,2,7,0,0,0,0,0,0,3,11,0
1920,0,4,31878000.0,0,1,7,23000,4000,5000,10000,5000,23000,1,1,0,4,3,0,0,0,0,0,0,3,11,0
1921,0,5,70932000.0,0,1,57,200000,193000,100000,46000,185000,185000,2,6,2,12,3,0,0,0,0,0,0,3,11,0
1922,1,4,91249000.0,0,0,84,1324000,27000,119000,71000,108000,27000,0,7,9,6,4,0,1,1,1,1,0,3,11,1
1923,2,4,77598000.0,0,0,53,1193000,33000,281000,129000,66000,33000,1,7,5,13,3,0,0,1,0,0,0,3,11,0
1924,1,4,80982000.0,1,1,48,505000,137000,401000,104000,22000,22000,3,11,5,11,5,0,0,0,0,0,1,3,11,0
1925,2,5,22701000.0,1,0,2,2000,4000,9000,0,4000,5000,1,1,0,3,5,0,0,0,0,0,0,3,11,0
1926,3,5,55212000.0,0,1,65,1103000,0,45000,0,0,34000,3,4,2,11,8,0,1,0,0,1,0,3,11,0
1927,1,5,70617000.0,0,0,45,353000,61000,753000,40000,46000,27000,1,3,3,7,2,0,0,0,0,0,0,3,11,0
1928,1,4,64849000.0,0,0,42,652000,48000,350000,94000,84000,108000,1,9,3,6,5,0,0,0,0,0,0,3,11,1
1929,2,5,62694000.0,1,1,29,379000,6000,157000,25000,91000,91000,5,9,3,7,7,0,0,0,0,0,0,3,11,0
1930,3,5,61917000.0,1,1,83,46000,4000,36000,2000,2000,1000,1,2,0,4,5,0,0,0,0,0,0,3,11,0
1931,3,5,67472000.0,0,1,93,162000,31000,127000,8000,17000,69000,2,4,2,7,3,0,0,0,0,0,0,3,11,0
1932,2,5,21059000.0,1,0,40,8000,3000,19000,3000,3000,8000,3,3,0,3,6,0,0,0,0,0,0,3,11,0
1933,2,5,29543000.0,2,0,47,17000,3000,18000,3000,4000,18000,2,3,1,2,7,0,0,0,0,0,0,3,11,0
1934,1,5,75903000.0,0,1,50,340000,108000,185000,130000,38000,100000,2,6,6,9,3,0,0,0,0,0,0,3,11,0
1935,0,0,34984000.0,1,1,40,8000,4000,15000,3000,5000,3000,2,1,0,3,7,0,0,0,0,0,0,3,11,0
1936,3,4,54998000.0,0,1,3,154000,22000,202000,39000,30000,8000,5,4,2,9,4,0,0,0,0,0,0,3,11,1
1937,3,3,54356000.0,0,1,62,710000,15000,30000,20000,0,0,3,11,2,8,8,0,0,0,0,0,0,3,11,1
1938,2,5,34242000.0,0,1,25,8000,2000,4000,0,0,1000,1,0,0,3,5,0,0,0,0,0,0,3,11,0
1939,1,5,25410000.0,1,0,48,2000,2000,4000,13000,13000,4000,1,1,0,4,4,0,0,0,0,0,0,3,11,0
1940,3,5,73356000.0,0,0,56,1050000,14000,322000,0,14000,112000,1,5,11,5,2,1,0,1,1,0,0,3,11,1
1941,1,0,28320000.0,0,1,68,19000,1000,14000,3000,2000,4000,1,1,0,3,8,0,0,0,0,0,0,3,11,0
1942,1,4,23763000.0,1,0,64,22000,0,6000,6000,2000,6000,1,1,0,3,7,0,0,0,0,0,0,3,11,0
1943,1,5,72570000.0,0,0,67,274000,83000,216000,151000,141000,224000,1,4,6,12,1,0,0,0,0,0,0,3,11,0
1944,2,5,34529000.0,1,0,94,68000,6000,38000,3000,6000,41000,2,2,2,3,7,0,0,0,0,0,0,3,11,0
1945,1,3,70792000.0,0,0,82,344000,45000,654000,104000,11000,114000,2,3,4,10,3,0,0,0,0,0,0,3,11,0
1946,1,5,63211000.0,0,0,3,145000,193000,459000,205000,26000,145000,2,3,8,7,2,0,0,0,0,0,0,3,11,1
1947,2,5,83891000.0,0,1,24,217000,38000,350000,111000,85000,15000,1,4,7,10,1,0,0,0,0,0,0,3,11,0
1948,1,4,36065000.0,1,1,54,18000,7000,34000,10000,2000,3000,3,3,0,3,8,0,0,0,0,0,0,3,11,0
1949,1,0,39898000.0,0,1,20,69000,8000,26000,12000,7000,12000,2,3,0,4,7,0,0,0,0,0,0,3,11,0
1950,3,4,51141000.0,0,0,96,144000,0,7000,0,0,6000,1,3,1,4,5,0,0,0,0,0,0,3,11,0
1951,1,5,56939000.0,0,1,19,256000,34000,103000,90000,29000,49000,2,3,3,10,3,0,0,0,0,0,0,3,11,0
1952,1,4,80872000.0,0,0,60,483000,72000,567000,94000,12000,108000,1,4,4,10,1,0,0,0,0,0,0,3,11,0
1953,3,0,72335000.0,0,0,2,1285000,105000,653000,28000,21000,0,1,10,4,8,8,0,0,0,0,0,0,3,11,1
1954,3,4,61798000.0,0,0,13,338000,4000,89000,11000,8000,13000,1,4,2,9,4,0,0,0,0,0,0,3,11,0
1955,3,3,76842000.0,0,0,37,605000,10000,345000,84000,54000,32000,1,1,8,7,0,0,0,0,0,0,0,3,11,0
1956,1,0,29478000.0,1,0,59,8000,0,7000,3000,1000,1000,1,1,0,3,6,0,0,0,0,0,0,3,11,0
1957,1,4,46998000.0,0,1,55,172000,41000,86000,45000,6000,27000,5,5,3,5,7,1,0,0,0,0,0,3,11,0
1958,1,4,96843000.0,0,0,60,448000,71000,951000,40000,17000,17000,1,6,11,10,2,0,0,1,0,0,0,3,11,1
1959,3,3,56551000.0,1,1,48,67000,4000,32000,17000,2000,16000,3,2,1,4,4,0,0,0,0,0,0,3,11,0
1960,2,5,70053000.0,0,1,38,512000,53000,98000,81000,179000,89000,3,8,5,10,5,0,0,0,0,0,0,3,11,0
1961,3,3,71670000.0,0,0,8,1462000,16000,128000,0,0,160000,1,5,3,6,6,0,1,1,0,1,0,3,11,1
1962,1,5,44359000.0,1,1,19,20000,0,14000,7000,3000,1000,3,2,0,4,3,0,0,0,0,0,0,3,11,0
1963,1,4,40887000.0,1,1,32,50000,4000,44000,10000,10000,43000,3,3,1,3,9,0,0,0,0,0,0,3,11,1
1964,1,1,48877000.0,0,1,27,102000,1000,15000,2000,0,24000,1,3,0,4,7,0,0,0,0,0,0,3,11,0
1965,1,0,74485000.0,0,0,58,499000,149000,815000,173000,49000,49000,1,6,7,12,3,0,0,0,0,0,0,3,11,0
1966,1,0,64474000.0,0,1,59,381000,35000,172000,56000,86000,93000,2,8,2,10,5,0,0,0,0,0,0,3,11,0
1967,1,0,77226000.0,0,1,29,631000,43000,239000,128000,76000,21000,2,6,8,12,3,0,0,0,0,0,0,3,11,0
1968,1,3,72643000.0,0,0,60,526000,80000,553000,123000,94000,53000,1,3,10,7,2,0,0,0,1,0,0,3,11,1
1969,2,0,85738000.0,0,0,41,913000,26000,376000,17000,26000,13000,1,3,6,11,1,0,1,1,0,0,0,3,11,0
1970,1,1,55686000.0,0,1,27,673000,0,199000,37000,47000,26000,2,6,3,5,4,1,0,0,0,0,0,3,11,0
1971,1,4,39062000.0,1,0,28,23000,0,9000,0,0,12000,1,1,0,3,4,1,0,0,0,0,0,3,11,0
1972,1,0,34600000.0,1,1,8,199000,33000,60000,8000,3000,15000,5,5,2,5,8,0,0,0,0,0,0,3,11,1
1973,1,5,40794000.0,0,1,18,261000,23000,73000,4000,23000,50000,2,6,3,5,7,0,0,0,0,0,0,3,11,0
1974,0,5,54690000.0,1,1,76,111000,16000,37000,7000,9000,18000,3,3,1,5,3,0,0,0,0,0,0,3,11,0
1975,1,5,4428000.0,0,1,0,16000,4000,12000,2000,4000,321000,0,25,0,0,1,0,0,0,0,0,0,3,11,0
1976,0,5,32632000.0,0,0,32,63000,151000,137000,153000,19000,53000,2,4,4,8,5,0,0,0,0,0,0,3,11,0
1977,3,4,38236000.0,1,1,2,58000,0,18000,2000,0,10000,4,3,0,4,7,0,0,0,0,0,0,3,11,0
1978,1,5,36781000.0,1,0,16,29000,1000,17000,0,3000,13000,1,2,1,2,8,0,0,0,0,0,0,3,11,1
1979,2,4,31385000.0,1,0,56,3000,2000,12000,0,1000,9000,1,1,0,2,8,1,0,0,0,0,0,3,11,1
1980,1,5,24570000.0,1,0,97,28000,34000,62000,11000,14000,44000,3,4,0,4,9,0,0,0,0,0,0,3,11,0
1981,3,1,25509000.0,1,0,15,40000,3000,30000,10000,7000,11000,3,3,0,3,9,0,0,0,0,0,0,3,11,1
1982,1,5,94642000.0,0,0,35,879000,143000,797000,106000,143000,143000,0,5,7,9,1,0,0,1,1,0,0,3,11,0
1983,2,5,58646000.0,0,1,3,62000,1000,44000,6000,5000,22000,1,2,1,4,4,0,0,0,0,0,0,3,11,0
1984,1,4,53201000.0,1,1,49,280000,7000,81000,20000,0,27000,8,6,3,5,7,0,0,0,0,0,0,3,11,0
1985,1,0,21994000.0,0,1,4,9000,0,6000,3000,1000,3000,1,0,0,3,5,0,0,0,0,0,0,3,11,0
1986,1,5,57113000.0,1,1,45,182000,4000,33000,0,2000,42000,6,4,1,5,7,0,0,0,0,0,0,3,11,0
1987,1,5,51373000.0,0,0,37,83000,2000,101000,64000,26000,117000,1,3,5,3,4,0,0,0,0,0,0,3,11,0
1988,1,5,23477000.0,1,0,39,38000,15000,54000,3000,8000,29000,3,3,0,4,8,0,0,0,0,0,0,3,11,0
1989,1,5,58116000.0,0,1,38,228000,19000,130000,4000,11000,51000,2,3,3,8,2,0,0,0,0,0,0,3,11,0
1990,3,1,72968000.0,0,0,8,1092000,37000,592000,145000,37000,55000,1,5,5,8,3,0,0,0,1,0,0,3,11,1
1991,2,5,39791000.0,0,1,89,85000,15000,27000,13000,13000,21000,2,3,1,4,7,0,0,0,0,0,0,3,11,0
1992,2,4,91712000.0,0,0,47,1276000,24000,746000,94000,29000,48000,0,9,7,11,3,0,0,1,0,0,0,3,11,1
1993,1,4,94472000.0,0,1,75,1017000,33000,417000,108000,100000,16000,1,5,5,5,5,0,1,1,0,0,0,3,11,0
1994,1,0,13672000.0,1,1,86,6000,2000,9000,2000,1000,5000,2,1,0,3,8,0,0,0,0,0,0,3,11,0
1995,0,5,96547000.0,0,0,4,448000,21000,125000,52000,101000,62000,0,7,6,8,2,1,0,1,1,0,0,3,11,1
1996,1,5,79205000.0,0,0,73,504000,23000,117000,179000,28000,44000,1,6,5,4,4,0,0,0,1,0,0,3,11,1
1997,3,0,56559000.0,0,1,46,226000,22000,133000,41000,31000,31000,3,4,3,8,4,0,0,0,0,0,0,3,11,0
1998,3,5,32644000.0,1,0,38,239000,3000,141000,0,7000,23000,4,7,1,6,8,1,0,0,0,0,0,3,11,0
1999,0,4,67506000.0,0,1,73,90000,38000,67000,33000,36000,67000,1,4,1,6,3,0,0,0,0,0,0,3,11,0
2000,1,4,24206000.0,1,0,66,7000,2000,8000,3000,2000,3000,1,1,0,3,6,0,0,0,0,0,0,3,11,0
2001,3,1,28420000.0,1,0,36,4000,2000,5000,2000,0,0,1,1,0,2,6,0,0,0,0,0,0,3,11,0
2002,1,5,22979000.0,1,0,29,16000,17000,19000,20000,21000,22000,3,3,2,2,8,0,0,0,0,0,0,3,11,1
2003,1,4,33279000.0,0,0,29,10000,3000,3000,0,0,0,1,0,0,3,3,0,0,0,0,0,0,3,11,0
2004,2,4,46423000.0,1,1,6,68000,0,16000,0,0,8000,3,2,0,4,7,0,0,0,0,0,0,3,11,0
2005,1,5,30368000.0,0,1,97,35000,0,13000,2000,0,2000,2,2,0,3,8,0,0,0,0,0,0,3,11,0
2006,1,5,63684000.0,0,1,61,575000,80000,428000,208000,93000,80000,3,8,4,8,5,0,0,0,0,0,0,3,11,0
2007,1,1,41638000.0,0,1,68,315000,0,31000,4000,0,91000,4,5,5,3,8,1,0,0,0,0,0,3,11,0
2008,3,1,68805000.0,0,1,73,182000,2000,49000,17000,13000,20000,1,3,1,7,2,0,0,0,0,0,0,3,11,0
2009,3,0,65814000.0,0,1,90,561000,14000,113000,10000,14000,35000,3,8,2,10,5,0,0,0,0,0,0,3,11,0
2010,1,1,71964000.0,0,0,81,587000,51000,932000,180000,34000,86000,1,5,6,5,3,0,0,0,0,0,0,3,11,0
2011,1,4,39146000.0,1,0,1,94000,1000,33000,13000,12000,12000,3,4,0,4,8,0,0,0,0,0,0,3,11,0
2012,1,0,96876000.0,0,0,79,908000,43000,735000,40000,194000,21000,1,7,7,9,2,0,1,1,1,0,0,3,11,1
2013,4,5,34445000.0,0,0,92,228000,122000,122000,208000,129000,30000,6,11,2,8,9,0,0,0,0,0,0,3,11,0
2014,1,4,68281000.0,0,0,31,995000,112000,417000,42000,48000,41000,1,2,9,13,5,0,0,0,0,0,0,3,11,1
2015,0,5,37284000.0,1,1,46,11000,1000,2000,2000,1000,6000,1,0,0,3,6,0,0,0,0,0,0,3,11,0
2016,1,5,36790000.0,0,0,14,3000,3000,14000,15000,21000,10000,1,2,1,2,9,0,0,0,0,0,0,3,11,1
2017,1,0,27943000.0,1,1,89,12000,1000,16000,4000,1000,3000,3,2,0,3,8,0,0,0,0,0,0,3,11,0
2018,1,1,22263000.0,1,1,31,17000,0,2000,0,0,2000,2,1,0,3,6,0,0,0,0,0,1,3,11,0
2019,1,0,30261000.0,1,2,75,8000,0,5000,0,3000,6000,1,0,0,3,8,0,0,0,0,0,0,3,11,0
2020,1,0,28587000.0,1,0,42,22000,4000,17000,12000,10000,13000,3,2,0,4,6,0,0,0,0,0,0,3,11,0
2021,2,5,43815000.0,1,0,53,14000,10000,29000,4000,7000,15000,1,2,0,3,6,0,0,0,0,0,0,3,11,0
2022,1,5,48195000.0,1,1,53,106000,27000,68000,52000,7000,5000,6,4,2,5,6,0,0,0,0,0,0,3,11,0
2023,2,5,77027000.0,0,1,23,820000,57000,242000,45000,0,11000,2,8,3,6,4,0,0,0,0,0,0,3,11,0
2024,3,5,71322000.0,0,1,57,753000,43000,226000,69000,10000,204000,2,8,5,13,4,0,0,0,0,0,0,3,11,0
2025,2,5,32765000.0,1,0,49,13000,3000,17000,7000,3000,3000,2,2,0,4,5,0,0,0,0,0,0,3,11,0
2026,1,0,29672000.0,1,1,6,9000,1000,3000,0,4000,8000,1,0,0,3,6,0,0,0,0,0,0,3,11,0
2027,1,1,23272000.0,0,0,29,19000,3000,6000,4000,2000,12000,1,1,0,3,4,0,0,0,0,0,0,3,11,0
2028,2,0,49912000.0,0,1,5,520000,8000,223000,32000,49000,42000,4,10,5,7,8,1,0,0,0,0,0,3,11,1
2029,0,0,7500000.0,1,0,98,5000,17000,17000,13000,14000,34000,4,2,1,3,9,0,0,0,0,0,0,3,11,0
2030,3,3,68117000.0,0,1,80,618000,44000,215000,0,17000,36000,2,11,8,4,6,1,0,0,0,0,0,3,11,1
2031,1,5,67225000.0,0,1,4,315000,35000,322000,46000,7000,143000,3,7,2,11,5,0,0,0,0,0,0,3,11,0
2032,1,5,17649000.0,1,0,70,15000,1000,23000,0,5000,1000,3,3,0,3,8,0,0,0,0,0,0,3,11,0
2033,1,0,55914000.0,0,1,32,384000,60000,364000,119000,101000,232000,4,11,6,8,7,0,0,0,0,0,0,3,11,0
2034,1,5,40059000.0,1,0,82,110000,29000,92000,28000,10000,145000,1,6,2,3,8,1,0,0,0,0,0,3,11,0
2035,1,0,60905000.0,0,1,27,208000,17000,76000,36000,17000,38000,2,3,3,7,2,0,0,0,0,0,0,3,11,0
2036,1,5,75330000.0,1,1,94,555000,82000,257000,93000,61000,61000,4,10,3,12,6,0,0,0,0,0,0,3,11,0
2037,1,4,60689000.0,0,1,23,240000,90000,216000,63000,6000,24000,4,4,4,10,3,0,0,0,0,0,0,3,11,0
2038,1,5,38680000.0,1,0,97,11000,0,36000,15000,5000,12000,1,2,0,3,7,0,0,0,0,0,0,3,11,0
2039,1,0,61416000.0,0,0,25,848000,154000,323000,201000,61000,78000,1,10,3,10,6,1,0,0,0,0,0,3,11,0
2040,1,4,49767000.0,0,0,92,202000,47000,197000,55000,42000,149000,1,5,4,8,4,0,0,0,0,0,0,3,11,0
2041,1,4,83273000.0,1,2,98,433000,89000,650000,16000,102000,102000,10,4,6,9,7,0,0,0,0,0,0,3,11,0
2042,1,5,29009000.0,1,0,19,6000,6000,15000,10000,5000,2000,2,2,0,3,6,0,0,0,0,0,0,3,11,0
2043,2,5,45057000.0,1,0,80,37000,0,7000,3000,0,3000,1,2,0,3,5,0,0,0,0,0,0,3,11,0
2044,1,5,37150000.0,1,0,80,167000,37000,64000,49000,34000,116000,8,4,3,6,7,0,0,0,0,0,0,3,11,0
2045,1,4,43020000.0,1,0,79,45000,7000,99000,4000,25000,43000,3,4,1,4,6,0,0,0,0,0,0,3,11,0
2046,1,5,53154000.0,0,1,50,129000,0,21000,0,1000,7000,1,3,1,4,4,0,0,0,0,0,0,3,11,0
2047,1,5,65308000.0,0,0,60,713000,0,264000,120000,80000,34000,1,7,8,12,4,0,0,1,1,0,0,3,11,0
2048,1,4,76467000.0,1,0,44,676000,161000,426000,210000,44000,58000,2,2,5,5,6,0,0,0,0,0,0,3,11,1
2049,0,5,81044000.0,0,0,0,450000,26000,535000,73000,98000,26000,1,5,6,10,1,0,0,0,0,0,0,3,11,0
2050,1,5,32871000.0,1,1,28,22000,2000,12000,0,2000,5000,1,1,0,3,4,0,0,0,0,0,0,3,11,0
2051,1,4,55801000.0,1,1,35,367000,4000,51000,6000,4000,95000,6,7,2,6,7,0,0,0,1,0,0,3,11,0
2052,1,3,76320000.0,0,1,49,526000,35000,214000,69000,53000,35000,2,6,3,4,2,0,0,0,0,0,0,3,11,0
2053,2,4,36927000.0,1,1,46,51000,0,16000,0,0,4000,2,3,0,3,8,0,0,0,0,0,0,3,11,0
2054,1,0,48794000.0,1,1,97,25000,0,11000,3000,0,15000,1,1,0,3,4,0,0,0,0,0,0,3,11,0
2055,1,4,23478000.0,0,0,51,28000,6000,27000,12000,17000,39000,1,3,0,3,8,0,0,0,0,0,0,3,11,0
2056,1,1,71128000.0,1,0,80,958000,159000,447000,20000,0,31000,3,2,10,12,7,0,0,0,0,0,0,3,11,0
2057,3,1,70179000.0,0,1,10,532000,88000,168000,69000,44000,133000,3,7,3,13,5,0,0,0,0,0,0,3,11,0
2058,1,5,59462000.0,0,1,29,724000,17000,143000,0,8000,196000,2,9,2,12,7,0,0,0,0,0,0,3,11,0
2059,2,0,0.0,1,1,52,375000,42000,48000,94000,66000,96000,7,4,10,4,3,0,0,0,0,0,0,3,11,0
2060,1,0,38361000.0,1,0,74,39000,0,56000,20000,8000,14000,3,3,1,3,7,0,0,0,0,0,0,3,11,0
2061,3,4,0.0,1,0,82,23000,0,15000,0,2000,7000,2,3,0,3,6,0,0,0,0,0,0,3,11,0
2062,3,0,70038000.0,0,0,54,587000,54000,348000,71000,54000,130000,1,4,4,8,2,0,0,0,0,0,0,3,11,0
2063,1,0,42554000.0,1,1,93,29000,1000,11000,0,0,0,2,2,0,3,4,0,0,0,0,0,0,3,11,0
2064,1,5,67445000.0,0,1,63,757000,80000,217000,29000,80000,11000,5,9,6,12,6,0,0,0,0,0,0,3,11,0
2065,1,3,67046000.0,0,1,92,544000,35000,133000,23000,151000,107000,2,4,5,4,2,0,0,0,0,0,0,3,11,0
2066,1,5,42192000.0,0,0,40,40000,15000,15000,17000,6000,7000,1,2,1,3,4,0,0,0,0,0,0,3,11,0
2067,3,5,77610000.0,0,1,70,1245000,33000,332000,21000,33000,16000,2,4,7,4,7,0,0,0,0,0,0,3,11,0
2068,1,5,31761000.0,1,0,96,19000,1000,20000,16000,14000,28000,2,3,0,4,5,0,0,0,0,0,0,3,11,0
2069,1,0,34350000.0,1,0,81,16000,3000,15000,2000,1000,11000,1,1,0,3,7,0,0,0,0,0,0,3,11,0
2070,1,0,54591000.0,0,1,63,376000,4000,94000,12000,9000,24000,3,6,2,8,5,0,0,0,0,0,0,3,11,0
2071,1,5,71866000.0,0,1,85,184000,178000,178000,103000,39000,33000,1,6,3,10,3,0,0,0,0,0,0,3,11,0
2072,1,5,25293000.0,1,0,51,15000,0,11000,0,2000,9000,1,1,1,2,8,0,0,0,0,0,0,3,11,0
2073,3,4,42000000.0,0,0,23,124000,83000,267000,85000,59000,35000,2,5,2,11,5,0,0,0,0,0,0,3,11,1
2074,1,5,69520000.0,0,0,95,627000,120000,414000,121000,80000,93000,1,9,6,5,5,0,0,0,0,0,0,3,11,0
2075,1,1,64713000.0,1,0,11,180000,60000,241000,13000,54000,54000,2,5,5,7,4,0,0,0,0,0,0,3,11,1
2076,2,5,27889000.0,1,0,42,14000,0,4000,0,0,8000,1,1,1,2,6,0,0,0,0,0,0,3,11,0
2077,4,3,22123000.0,0,0,77,3000,3000,24000,34000,7000,31000,1,2,1,3,5,0,0,0,0,0,0,3,11,0
2078,1,5,0.0,1,1,82,71000,1000,16000,0,0,9000,4,2,1,3,8,0,0,0,0,0,0,3,11,0
2079,2,0,0.0,0,1,83,161000,0,22000,0,0,24000,2,4,1,4,6,0,0,0,0,0,0,3,11,0
2080,1,5,27803000.0,1,0,40,8000,26000,46000,38000,9000,49000,2,3,0,4,8,0,0,0,0,0,0,3,11,0
2081,1,4,0.0,0,1,95,264000,0,21000,12000,6000,147000,3,6,1,5,7,0,0,0,0,0,0,3,11,0
2082,1,5,51651000.0,0,1,32,293000,6000,23000,13000,6000,92000,4,6,2,5,8,0,0,0,0,0,0,3,11,0
2083,1,5,68487000.0,0,0,48,758000,12000,385000,33000,89000,89000,1,9,7,13,4,0,0,0,0,0,0,3,11,0
2084,2,3,0.0,0,0,75,532000,126000,490000,164000,126000,126000,1,5,5,11,1,0,0,1,0,0,0,3,11,1
2085,1,5,56796000.0,0,1,24,656000,38000,161000,62000,47000,37000,3,8,9,7,7,0,0,0,0,0,0,3,11,0
2086,0,5,87000000.0,0,0,61,196000,25000,607000,67000,17000,49000,1,4,6,7,2,0,0,0,0,0,0,3,11,0
2087,1,5,79823000.0,0,1,6,835000,73000,380000,114000,73000,43000,1,6,9,7,2,0,1,0,0,0,0,3,11,0
2088,1,4,30828000.0,1,0,16,16000,11000,15000,2000,0,12000,2,1,1,4,3,0,0,0,0,0,0,3,11,0
2089,2,5,34109000.0,0,1,39,9000,1000,5000,2000,1000,4000,1,0,0,3,4,0,0,0,0,0,0,3,11,0
2090,2,1,53367000.0,1,1,2,229000,7000,140000,10000,3000,11000,7,5,1,8,7,0,0,0,0,0,0,3,11,1
2091,4,0,22390000.0,0,0,49,0,1000,4000,15000,1000,5000,1,1,0,2,7,0,0,0,0,0,0,3,11,0
2092,1,0,71322000.0,0,1,31,121000,24000,124000,24000,15000,42000,1,4,1,7,2,0,0,0,0,0,0,3,11,0
2093,1,4,79244000.0,0,0,58,471000,102000,125000,212000,61000,245000,1,4,10,7,1,0,0,1,1,0,0,3,11,1
2094,2,0,49912000.0,0,1,5,520000,8000,223000,32000,49000,42000,4,10,5,7,8,1,0,0,0,0,0,3,11,1
2095,3,5,48699000.0,1,1,90,26000,1000,10000,2000,0,1000,1,1,0,3,5,0,0,0,0,0,0,3,11,0
2096,1,0,80144000.0,0,0,47,240000,132000,445000,250000,192000,108000,1,3,7,8,1,0,0,0,0,0,0,3,11,0
2097,1,4,54252000.0,1,1,25,178000,4000,26000,8000,4000,44000,5,4,1,5,6,0,0,0,0,0,0,3,11,0
2098,2,5,81929000.0,1,0,60,1486000,55000,278000,49000,0,185000,2,4,4,10,6,1,0,1,0,0,0,3,11,1
2099,1,5,76068000.0,0,1,67,1115000,12000,128000,33000,12000,76000,1,2,3,4,6,0,1,0,0,1,0,3,11,0
2100,2,5,53204000.0,1,1,40,29000,0,8000,2000,0,6000,1,1,0,3,4,0,0,0,0,0,0,3,11,0
2101,3,0,67911000.0,0,1,63,529000,0,356000,63000,28000,0,3,6,7,11,3,0,0,0,0,0,0,3,11,0
2102,0,5,14796000.0,1,0,1,13000,3000,8000,7000,4000,16000,2,1,0,3,9,0,0,0,0,0,0,3,11,1
2103,3,5,78128000.0,0,1,89,934000,24000,230000,16000,24000,36000,2,8,4,6,3,0,1,1,0,0,0,3,11,0
2104,4,5,14188000.0,0,0,40,2000,7000,11000,16000,12000,27000,1,2,0,4,6,0,0,0,0,0,0,3,11,0
2105,4,5,20425000.0,1,0,5,4000,12000,5000,3000,16000,17000,2,2,0,3,7,0,0,0,0,0,0,3,11,0
2106,2,5,58646000.0,0,1,3,62000,1000,44000,6000,5000,22000,1,2,1,4,4,0,0,0,0,0,0,3,11,0
2107,1,1,72967000.0,0,1,1,158000,35000,179000,0,0,125000,2,7,2,8,5,1,0,0,0,0,0,3,11,1
2108,2,5,48150000.0,0,1,24,173000,2000,39000,3000,2000,47000,3,5,1,4,7,0,0,0,0,0,0,3,11,0
2109,1,4,82332000.0,0,0,89,830000,59000,968000,51000,79000,19000,1,5,3,12,2,0,0,1,0,0,0,3,11,1
2110,1,3,58275000.0,1,1,48,189000,10000,253000,56000,43000,64000,6,8,2,7,7,0,0,0,0,0,0,3,11,0
2111,3,0,44953000.0,0,0,31,728000,17000,133000,11000,8000,124000,1,7,3,13,6,1,0,0,0,0,0,3,11,0
2112,1,0,34587000.0,1,1,68,7000,2000,9000,2000,0,2000,2,1,0,3,4,0,0,0,0,0,0,3,11,0
2113,2,0,43018000.0,0,1,46,35000,4000,17000,7000,6000,64000,1,2,2,2,5,0,0,0,0,0,0,3,11,0
2114,2,5,45736000.0,0,1,92,188000,3000,180000,20000,3000,43000,5,7,1,6,7,0,0,0,0,0,0,3,11,0
2115,2,0,66476000.0,0,1,80,742000,28000,152000,25000,9000,57000,2,6,8,10,4,0,0,0,0,0,0,3,11,0
2116,0,5,27733000.0,1,0,16,0,7000,5000,26000,2000,17000,2,2,0,3,7,0,0,0,0,0,0,3,11,0
2117,3,0,69805000.0,0,1,50,750000,71000,174000,13000,10000,20000,2,6,8,11,2,0,0,0,0,0,0,3,11,0
2118,2,4,72217000.0,0,0,93,816000,42000,450000,55000,56000,154000,1,3,10,8,2,0,0,0,0,0,0,3,11,0
2119,1,1,25818000.0,1,0,51,5000,2000,8000,2000,2000,9000,1,0,1,2,7,0,0,0,0,0,0,3,11,0
2120,2,0,37509000.0,1,0,24,37000,5000,56000,12000,8000,5000,2,3,0,4,7,0,0,0,0,0,0,3,11,0
2121,0,0,25176000.0,1,1,79,4000,0,4000,0,0,5000,1,1,0,2,7,0,0,0,0,0,0,3,11,0
2122,1,5,43586000.0,0,1,26,99000,2000,11000,4000,0,16000,3,3,0,4,8,0,0,0,0,0,0,3,11,0
2123,0,5,53230000.0,0,1,86,176000,72000,98000,136000,21000,229000,4,5,2,12,5,0,0,0,0,0,0,3,11,0
2124,1,0,50116000.0,1,1,68,54000,0,10000,0,0,2000,2,1,0,4,5,0,1,0,0,0,0,3,11,0
2125,1,0,84906000.0,0,0,98,997000,15000,414000,99000,30000,76000,1,5,6,12,2,0,1,1,0,1,0,3,11,0
2126,1,5,61286000.0,0,1,34,356000,0,107000,19000,9000,117000,2,7,1,8,5,0,0,0,0,0,0,3,11,0
2127,3,5,82333000.0,0,0,60,1311000,0,359000,46000,89000,17000,1,4,3,10,2,0,0,1,0,0,0,3,11,1
2128,3,0,65220000.0,0,0,3,890000,63000,292000,0,25000,12000,4,8,4,7,6,0,0,0,0,0,0,3,11,1
2129,1,0,33590000.0,2,1,65,4000,0,2000,0,0,2000,1,1,0,2,7,0,0,0,0,0,0,3,11,0
2130,1,1,30992000.0,1,0,83,17000,0,14000,7000,3000,2000,1,1,0,3,7,0,0,0,0,0,0,3,11,0
2131,2,4,72309000.0,0,0,64,960000,0,883000,50000,38000,0,1,5,6,8,3,0,0,0,1,0,0,3,11,1
2132,3,5,156924000.0,0,0,85,2000,1000,2000,1000,1000,1000,0,0,0,0,0,0,0,0,0,0,0,3,11,0
2133,4,5,16005000.0,1,0,69,1000,3000,2000,20000,30000,47000,3,2,1,2,8,0,0,0,0,0,0,3,11,0
2134,2,4,65487000.0,0,0,48,240000,67000,500000,199000,0,163000,3,3,5,6,2,0,0,0,0,0,0,3,11,0
2135,1,5,58692000.0,0,1,21,301000,11000,61000,4000,7000,11000,1,8,2,4,7,0,0,0,0,0,0,3,11,0
2136,1,3,40590000.0,1,1,30,154000,0,50000,6000,11000,37000,5,3,4,3,6,1,0,0,0,0,0,3,11,0
2137,1,4,20587000.0,1,0,39,2000,3000,6000,4000,1000,9000,1,1,1,2,7,0,0,0,0,0,0,3,11,0
2138,2,1,62637000.0,0,1,76,104000,12000,48000,4000,12000,5000,1,2,2,5,2,0,0,0,0,0,0,3,11,0
2139,2,1,29435000.0,1,1,11,70000,3000,37000,4000,2000,64000,4,3,2,2,9,0,0,0,0,0,0,3,11,1
2140,1,1,19346000.0,1,0,26,2000,0,9000,3000,6000,2000,1,1,0,3,8,0,0,0,0,0,0,3,11,0
2141,1,5,35788000.0,1,1,34,23000,2000,11000,3000,1000,4000,2,2,0,3,6,0,0,0,0,0,0,3,11,0
2142,1,1,36997000.0,1,1,72,43000,4000,12000,8000,0,27000,5,2,1,4,5,0,0,0,0,0,0,3,11,0
2143,1,5,23539000.0,0,0,13,4000,24000,11000,16000,1000,25000,1,2,0,4,6,0,0,0,0,0,0,3,11,0
2144,1,4,65333000.0,0,1,58,654000,7000,92000,0,15000,30000,7,9,4,8,6,0,1,1,0,0,0,3,11,0
2145,1,4,78499000.0,0,0,12,912000,72000,170000,47000,36000,97000,1,11,3,4,4,0,0,1,0,0,0,3,11,1
2146,3,0,29732000.0,1,0,23,25000,0,8000,0,1000,4000,1,2,0,2,9,0,0,0,0,0,0,3,11,0
2147,2,0,41275000.0,1,2,33,24000,4000,22000,0,2000,9000,4,3,1,3,5,0,0,0,0,0,0,3,11,0
2148,3,0,63516000.0,1,1,30,141000,11000,114000,15000,14000,5000,4,4,1,7,5,0,0,0,0,0,0,3,11,0
2149,3,5,42769000.0,0,1,15,71000,0,13000,3000,1000,0,2,1,1,4,4,0,0,0,0,0,0,3,11,0
2150,2,5,49572000.0,1,1,25,35000,1000,16000,0,1000,1000,2,2,0,3,7,0,0,0,0,0,0,3,11,0
2151,1,5,69209000.0,0,0,4,496000,32000,849000,229000,48000,128000,2,5,3,6,4,0,0,0,1,0,0,3,11,0
2152,1,5,17148000.0,1,0,80,9000,9000,11000,13000,10000,16000,4,3,1,3,8,0,0,0,0,0,0,3,11,0
2153,1,3,40590000.0,1,1,30,154000,0,50000,6000,11000,37000,5,3,4,3,6,1,0,0,0,0,0,3,11,0
2154,2,0,30560000.0,1,0,6,9000,1000,5000,4000,5000,7000,1,1,0,3,7,0,0,0,0,0,0,3,11,0
2155,0,5,32146000.0,1,0,16,26000,3000,23000,4000,7000,3000,2,2,0,4,6,0,0,0,0,0,0,3,11,0
2156,0,1,41713000.0,1,1,57,77000,8000,44000,10000,10000,25000,5,3,1,4,6,0,0,0,0,0,0,3,11,0
2157,2,0,34176000.0,0,1,9,11000,2000,7000,4000,2000,2000,1,1,0,3,3,0,0,0,0,0,0,3,11,0
2158,3,5,58482000.0,0,1,59,576000,7000,115000,19000,7000,7000,2,7,4,9,6,0,1,0,0,0,0,3,11,0
2159,1,4,59686000.0,0,1,78,89000,15000,89000,34000,42000,5000,1,4,1,6,4,0,0,0,0,0,0,3,11,0
2160,3,5,60896000.0,0,1,90,1013000,30000,399000,60000,46000,153000,3,9,10,4,6,0,0,0,0,0,0,3,11,1
2161,1,0,62994000.0,1,0,74,224000,12000,48000,4000,12000,12000,1,6,2,4,6,0,0,0,0,0,0,3,11,0
2162,1,0,47320000.0,0,1,10,200000,19000,111000,50000,15000,19000,6,5,1,8,6,0,0,0,0,0,0,3,11,0
2163,0,3,74859000.0,0,0,63,570000,73000,614000,133000,102000,73000,1,6,5,11,3,0,0,0,1,0,0,3,11,0
2164,4,4,15253000.0,1,0,13,1000,3000,3000,8000,1000,13000,2,1,0,3,7,0,0,0,0,0,0,3,11,0
2165,3,4,31560000.0,1,0,98,62000,1000,20000,4000,0,7000,2,2,1,3,8,0,0,0,0,0,0,3,11,0
2166,1,1,72071000.0,0,1,4,531000,69000,300000,150000,138000,150000,3,5,4,8,2,0,0,0,0,0,0,3,11,0
2167,2,4,91172000.0,0,0,94,162000,28000,818000,0,28000,56000,0,4,3,7,3,1,0,1,1,1,0,3,11,1
2168,1,5,90000000.0,0,0,91,675000,144000,133000,94000,192000,241000,1,4,8,5,1,1,0,1,1,0,0,3,11,0
2169,1,4,41967000.0,1,1,66,23000,4000,10000,0,2000,15000,1,1,0,3,4,0,0,0,0,0,0,3,11,0
2170,1,4,69263000.0,0,1,14,492000,5000,32000,13000,5000,21000,1,9,1,7,6,0,1,0,0,0,0,3,11,0
2171,0,1,65706000.0,0,0,77,918000,10000,129000,13000,0,129000,1,11,3,12,7,0,1,1,0,1,0,3,11,1
2172,1,0,60934000.0,0,1,41,224000,155000,155000,192000,93000,54000,2,6,4,11,4,0,0,0,0,0,0,3,11,0
2173,1,5,71965000.0,0,1,21,572000,19000,286000,50000,38000,248000,3,6,3,5,3,0,0,0,0,0,0,3,11,0
2174,1,5,65210000.0,0,1,25,626000,0,70000,0,7000,28000,2,9,3,8,6,0,1,0,1,0,0,3,11,0
2175,3,5,79174000.0,0,0,2,1074000,37000,518000,193000,92000,129000,1,5,6,7,2,0,0,1,1,0,0,3,11,1
2176,2,1,81380000.0,0,0,51,741000,68000,689000,224000,68000,103000,1,4,2,10,2,0,0,0,0,0,0,3,11,0
2177,3,4,48432000.0,0,1,3,322000,3000,50000,4000,3000,42000,5,7,1,6,8,0,0,0,0,0,0,3,11,0
2178,1,5,52914000.0,0,1,32,254000,10000,44000,30000,10000,227000,2,7,3,3,7,1,0,0,0,0,0,3,11,0
2179,1,0,38946000.0,0,1,84,116000,6000,82000,6000,6000,41000,2,3,1,6,5,0,0,0,0,0,0,3,11,0
2180,1,5,26067000.0,1,0,49,22000,2000,18000,0,2000,12000,3,3,0,3,8,0,0,0,0,0,0,3,11,0
2181,3,5,44325000.0,0,1,69,516000,0,21000,0,0,5000,4,8,2,7,8,0,1,0,0,0,0,3,11,0
2182,1,5,42523000.0,0,0,96,14000,36000,11000,3000,26000,35000,1,1,1,4,2,0,0,0,0,0,0,3,11,0
2183,4,4,26487000.0,1,0,23,2000,8000,10000,12000,14000,23000,3,2,1,3,5,0,0,0,0,0,0,3,11,0
2184,0,5,53233000.0,0,1,18,28000,0,9000,3000,0,0,1,1,0,3,4,0,0,0,0,0,0,3,11,0
2185,1,5,67716000.0,0,1,8,530000,142000,217000,62000,9000,56000,4,7,4,13,5,0,1,0,0,0,0,3,11,0
2186,2,5,76234000.0,0,1,21,519000,50000,167000,130000,0,41000,1,8,3,11,3,0,1,0,0,0,0,3,11,0
2187,3,5,84117000.0,0,0,60,611000,76000,749000,59000,45000,26000,1,7,10,6,2,0,0,1,0,0,0,3,11,0
2188,2,0,65487000.0,0,0,48,240000,67000,500000,199000,0,163000,3,3,5,6,2,0,0,0,0,0,0,3,11,0
2189,4,5,25224000.0,1,0,36,4000,9000,12000,11000,2000,8000,2,1,1,3,3,0,0,0,0,0,0,3,11,0
2190,2,4,89616000.0,0,0,36,671000,47000,655000,145000,111000,15000,1,7,5,12,2,0,0,0,0,0,0,3,11,1
2191,1,1,40851000.0,1,1,63,23000,1000,7000,0,4000,24000,1,1,1,2,7,0,0,0,0,0,0,3,11,0
2192,1,5,27469000.0,0,0,2,9000,1000,2000,3000,2000,0,1,0,0,3,6,0,0,0,0,0,0,3,11,0
2193,0,5,82347000.0,0,0,38,556000,54000,845000,202000,133000,63000,1,7,7,10,3,1,0,0,1,0,0,3,11,1
2194,1,5,73803000.0,0,1,61,833000,80000,363000,52000,26000,174000,2,9,5,6,6,1,0,0,0,0,0,3,11,1
2195,2,4,8820000.0,1,1,52,12000,0,13000,4000,2000,4000,4,3,0,3,8,0,0,0,0,0,0,3,11,0
2196,1,4,43322000.0,0,0,25,56000,7000,48000,10000,2000,18000,1,3,0,4,7,0,0,0,0,0,0,3,11,0
2197,1,0,55593000.0,0,1,63,293000,8000,124000,11000,4000,106000,2,6,6,3,6,1,0,0,0,0,0,3,11,0
2198,1,5,50501000.0,1,1,10,297000,0,38000,13000,0,152000,7,5,4,4,6,1,0,0,0,0,0,3,11,1
2199,1,5,37085000.0,1,1,65,39000,1000,16000,2000,0,3000,4,3,0,3,8,0,0,0,0,0,0,3,11,0
2200,4,4,16185000.0,1,0,71,5000,11000,16000,21000,8000,45000,2,2,2,2,8,0,0,0,0,0,0,3,11,0
2201,1,4,57731000.0,0,1,0,266000,21000,300000,65000,8000,44000,4,8,8,6,6,0,0,0,0,0,0,3,11,0
2202,3,4,48432000.0,0,1,3,322000,3000,50000,4000,3000,42000,5,7,1,6,8,0,0,0,0,0,0,3,11,1
2203,1,5,73807000.0,0,1,88,366000,124000,156000,71000,78000,54000,2,5,5,11,2,0,0,0,0,0,0,3,11,0
2204,1,5,18929000.0,0,0,15,32000,0,8000,23000,4000,18000,1,1,0,4,6,0,0,0,0,0,0,3,11,0
2205,1,4,35893000.0,1,1,80,158000,0,23000,0,0,18000,6,3,1,5,8,0,0,0,0,0,0,3,11,0
2206,1,5,61014000.0,0,1,17,269000,129000,495000,182000,43000,29000,4,9,3,4,7,0,0,0,0,0,0,3,11,0
2207,1,0,32144000.0,1,1,76,41000,0,10000,0,0,3000,4,2,1,3,7,0,1,0,0,0,0,3,11,0
2208,4,0,14918000.0,0,1,52,3000,3000,3000,15000,4000,15000,1,1,0,3,6,0,0,0,0,0,0,3,11,0
2209,1,1,45146000.0,1,1,28,33000,0,5000,0,0,15000,2,1,1,2,4,0,0,0,0,0,0,3,11,0
2210,0,1,41769000.0,0,1,31,302000,29000,131000,32000,0,27000,6,8,1,7,8,0,0,0,0,0,0,3,11,0
2211,1,0,88325000.0,0,0,42,519000,71000,860000,93000,27000,53000,1,6,2,9,2,0,0,0,0,0,0,3,11,0
2212,2,1,38054000.0,1,1,24,23000,2000,17000,2000,1000,0,2,2,0,3,7,0,0,0,0,0,0,3,11,0
2213,0,4,80617000.0,0,0,42,594000,51000,631000,72000,55000,32000,1,4,6,8,2,0,0,0,0,0,0,3,11,0
2214,1,5,5305000.0,0,1,12,12000,4000,7000,1000,3000,5000,0,1,0,0,13,0,0,0,0,0,0,3,11,0
2215,1,0,36807000.0,1,1,88,4000,2000,5000,0,0,5000,1,1,0,2,6,0,0,0,0,0,0,3,11,0
2216,1,0,28427000.0,1,0,67,18000,3000,19000,3000,3000,6000,2,2,0,3,8,0,0,0,0,0,0,3,11,0
2217,3,3,82032000.0,0,0,54,332000,194000,377000,149000,125000,57000,0,4,6,7,1,0,0,0,0,0,0,3,11,0
2218,1,0,22775000.0,1,0,40,5000,1000,8000,0,0,1000,1,1,0,2,8,0,0,0,0,0,0,3,11,0
2219,2,0,40101000.0,1,0,73,171000,3000,129000,26000,24000,62000,4,6,1,6,7,0,0,0,0,0,0,3,11,0
2220,1,5,58025000.0,0,1,81,270000,31000,88000,11000,48000,22000,3,3,2,10,4,0,0,0,0,0,0,3,11,0
2221,2,4,75777000.0,0,0,12,712000,26000,538000,69000,13000,80000,1,3,6,11,1,0,1,1,0,0,0,3,11,1
2222,0,0,7500000.0,1,0,7,2000,8000,11000,3000,8000,21000,4,3,2,2,7,0,0,0,0,0,0,3,11,0
2223,2,5,33562000.0,1,2,33,21000,12000,12000,0,3000,3000,3,2,0,4,4,0,0,0,0,0,0,3,11,0
2224,3,4,57642000.0,0,1,24,580000,6000,58000,8000,0,27000,3,7,6,6,4,1,0,0,0,0,0,3,11,0
2225,1,0,58554000.0,1,1,55,368000,24000,68000,38000,0,88000,6,8,2,6,7,0,0,0,0,0,0,3,11,0
2226,1,5,63777000.0,1,1,87,457000,5000,106000,15000,17000,53000,8,11,1,6,8,0,0,0,0,0,0,3,11,0
2227,1,4,57967000.0,0,1,39,229000,7000,137000,4000,0,91000,5,4,2,8,5,0,0,0,0,0,0,3,11,0
2228,0,0,0.0,0,0,53,32000,2000,1607000,12000,4000,22000,0,0,0,1,0,0,1,0,0,0,0,3,11,0
2229,1,5,24434000.0,2,0,9,3000,2000,8000,20000,0,17000,2,2,1,2,7,0,0,0,0,0,0,3,11,0
2230,1,4,11012000.0,1,0,82,24000,3000,26000,7000,1000,23000,3,3,1,2,9,1,0,0,0,0,0,3,11,0
2231,2,4,44802000.0,0,0,71,853000,10000,143000,13000,10000,20000,2,9,4,12,8,0,0,0,0,0,0,3,11,0
2232,1,4,26816000.0,0,0,50,5000,1000,6000,3000,4000,3000,1,0,0,3,4,0,0,0,0,0,0,3,11,0
2233,1,0,666666000.0,1,0,23,9000,14000,18000,8000,1000,12000,4,3,1,3,6,0,0,0,0,0,0,3,11,0
2234,1,5,34421000.0,1,0,81,3000,3000,7000,6000,2000,9000,1,1,0,2,7,0,0,0,0,0,0,3,11,0
2235,1,5,61223000.0,0,1,46,709000,43000,182000,42000,118000,247000,2,9,3,4,5,0,0,0,0,0,0,3,11,0
2236,3,0,64014000.0,2,1,56,406000,0,30000,0,0,8000,7,8,2,5,7,0,0,0,1,0,0,3,11,0
2237,1,1,56981000.0,0,0,91,908000,48000,217000,32000,12000,24000,1,2,3,13,6,0,1,0,0,0,0,3,11,0
2238,2,0,69245000.0,0,1,8,428000,30000,214000,80000,30000,61000,2,6,5,10,3,0,0,0,0,0,0,3,11,0
2239,3,5,52869000.0,1,1,40,84000,3000,61000,2000,1000,21000,3,3,1,4,7,0,0,0,0,0,0,3,11,1
